Stoichiometroic Energy,Stoichiometroic Int,Off stoichiometroic Energy,Off stoichiometroic Int
0,0,0,0
0.01,0,0.01,0
0.02,0,0.02,0
0.03,0,0.03,0
0.04,0,0.04,0
0.05,0,0.05,0
0.06,0,0.06,0
0.07,0,0.07,0
0.08,0,0.08,0
0.09,0,0.09,0
0.1,0,0.1,0
0.11,0,0.11,0
0.12,0,0.12,0
0.13,0,0.13,0
0.14,0,0.14,0
0.15,0,0.15,0
0.16,0,0.16,0
0.17,0,0.17,1
0.18,1,0.18,6
0.19,1,0.19,0
0.2,5,0.2,6
0.21,9,0.21,8
0.22,6,0.22,7
0.23,5,0.23,6
0.24,9,0.24,9
0.25,16,0.25,16
0.26,21,0.26,12
0.27,20,0.27,13
0.28,29,0.28,8
0.29,10,0.29,10
0.3,11,0.3,6
0.31,6,0.31,13
0.32,15,0.32,6
0.33,5,0.33,4
0.34,10,0.34,2
0.35,11,0.35,8
0.36,22,0.36,13
0.37,25,0.37,20
0.38,23,0.38,22
0.39,37,0.39,35
0.4,34,0.4,26
0.41,57,0.41,40
0.42,54,0.42,40
0.43,43,0.43,49
0.44,52,0.44,54
0.45,60,0.45,52
0.46,67,0.46,59
0.47,75,0.47,67
0.48,122,0.48,91
0.49,197,0.49,162
0.5,302,0.5,256
0.51,413,0.51,312
0.52,433,0.52,353
0.53,390,0.53,296
0.54,260,0.54,213
0.55,180,0.55,169
0.56,113,0.56,76
0.57,50,0.57,30
0.58,27,0.58,28
0.59,15,0.59,9
0.6,12,0.6,9
0.61,6,0.61,3
0.62,9,0.62,10
0.63,10,0.63,8
0.64,5,0.64,10
0.65,8,0.65,7
0.66,22,0.66,6
0.67,10,0.67,10
0.68,9,0.68,8
0.69,10,0.69,6
0.7,13,0.7,7
0.71,9,0.71,7
0.72,10,0.72,4
0.73,5,0.73,6
0.74,17,0.74,6
0.75,4,0.75,3
0.76,7,0.76,9
0.77,10,0.77,7
0.78,6,0.78,10
0.79,12,0.79,7
0.8,9,0.8,4
0.81,7,0.81,10
0.82,6,0.82,8
0.83,11,0.83,10
0.84,11,0.84,12
0.85,14,0.85,8
0.86,6,0.86,5
0.87,6,0.87,6
0.88,4,0.88,5
0.89,10,0.89,3
0.9,7,0.9,11
0.91,8,0.91,8
0.92,8,0.92,3
0.93,8,0.93,3
0.94,12,0.94,11
0.95,8,0.95,4
0.96,6,0.96,12
0.97,8,0.97,5
0.98,8,0.98,10
0.99,5,0.99,4
1,7,1,5
1.01,8,1.01,5
1.02,8,1.02,8
1.03,12,1.03,5
1.04,5,1.04,6
1.05,9,1.05,7
1.06,5,1.06,12
1.07,12,1.07,13
1.08,9,1.08,13
1.09,11,1.09,11
1.1,10,1.1,11
1.11,13,1.11,11
1.12,16,1.12,13
1.13,12,1.13,10
1.14,5,1.14,12
1.15,16,1.15,9
1.16,21,1.16,7
1.17,8,1.17,7
1.18,5,1.18,5
1.19,9,1.19,6
1.2,7,1.2,7
1.21,6,1.21,6
1.22,11,1.22,8
1.23,11,1.23,14
1.24,7,1.24,7
1.25,8,1.25,2
1.26,9,1.26,3
1.27,8,1.27,5
1.28,6,1.28,4
1.29,7,1.29,8
1.3,4,1.3,5
1.31,11,1.31,4
1.32,11,1.32,7
1.33,7,1.33,12
1.34,6,1.34,11
1.35,9,1.35,9
1.36,5,1.36,5
1.37,6,1.37,4
1.38,7,1.38,8
1.39,4,1.39,7
1.4,7,1.4,11
1.41,6,1.41,4
1.42,9,1.42,13
1.43,9,1.43,3
1.44,13,1.44,6
1.45,8,1.45,9
1.46,12,1.46,6
1.47,10,1.47,10
1.48,12,1.48,12
1.49,9,1.49,7
1.5,7,1.5,3
1.51,7,1.51,10
1.52,18,1.52,15
1.53,9,1.53,18
1.54,21,1.54,15
1.55,11,1.55,21
1.56,16,1.56,22
1.57,25,1.57,20
1.58,27,1.58,25
1.59,29,1.59,40
1.6,19,1.6,24
1.61,25,1.61,22
1.62,28,1.62,13
1.63,25,1.63,16
1.64,19,1.64,16
1.65,22,1.65,16
1.66,19,1.66,21
1.67,9,1.67,23
1.68,28,1.68,14
1.69,39,1.69,22
1.7,33,1.7,25
1.71,45,1.71,23
1.72,50,1.72,40
1.73,73,1.73,56
1.74,76,1.74,84
1.75,165,1.75,100
1.76,174,1.76,164
1.77,217,1.77,183
1.78,274,1.78,225
1.79,362,1.79,289
1.8,374,1.8,333
1.81,364,1.81,289
1.82,373,1.82,311
1.83,360,1.83,283
1.84,266,1.84,253
1.85,271,1.85,235
1.86,225,1.86,219
1.87,200,1.87,163
1.88,187,1.88,141
1.89,142,1.89,113
1.9,132,1.9,109
1.91,104,1.91,90
1.92,87,1.92,71
1.93,57,1.93,40
1.94,41,1.94,38
1.95,35,1.95,29
1.96,38,1.96,24
1.97,21,1.97,20
1.98,14,1.98,18
1.99,16,1.99,20
2,15,2,11
2.01,13,2.01,6
2.02,11,2.02,10
2.03,5,2.03,4
2.04,8,2.04,6
2.05,10,2.05,3
2.06,8,2.06,8
2.07,9,2.07,4
2.08,5,2.08,5
2.09,3,2.09,7
2.1,3,2.1,1
2.11,5,2.11,5
2.12,4,2.12,5
2.13,3,2.13,4
2.14,5,2.14,2
2.15,3,2.15,4
2.16,3,2.16,3
2.17,4,2.17,2
2.18,10,2.18,1
2.19,11,2.19,7
2.2,8,2.2,6
2.21,5,2.21,8
2.22,6,2.22,5
2.23,8,2.23,7
2.24,4,2.24,5
2.25,4,2.25,5
2.26,4,2.26,4
2.27,8,2.27,4
2.28,6,2.28,5
2.29,4,2.29,2
2.3,7,2.3,5
2.31,7,2.31,4
2.32,8,2.32,5
2.33,2,2.33,5
2.34,6,2.34,6
2.35,3,2.35,7
2.36,4,2.36,4
2.37,4,2.37,1
2.38,5,2.38,3
2.39,4,2.39,7
2.4,3,2.4,1
2.41,5,2.41,3
2.42,1,2.42,5
2.43,5,2.43,1
2.44,3,2.44,4
2.45,3,2.45,1
2.46,8,2.46,2
2.47,4,2.47,2
2.48,2,2.48,3
2.49,8,2.49,6
2.5,3,2.5,1
2.51,5,2.51,2
2.52,4,2.52,3
2.53,5,2.53,2
2.54,4,2.54,2
2.55,2,2.55,2
2.56,2,2.56,4
2.57,3,2.57,3
2.58,0,2.58,2
2.59,4,2.59,4
2.6,3,2.6,5
2.61,3,2.61,2
2.62,4,2.62,5
2.63,5,2.63,0
2.64,0,2.64,3
2.65,4,2.65,0
2.66,0,2.66,3
2.67,4,2.67,4
2.68,4,2.68,1
2.69,1,2.69,9
2.7,8,2.7,2
2.71,6,2.71,7
2.72,4,2.72,7
2.73,5,2.73,3
2.74,4,2.74,7
2.75,6,2.75,5
2.76,9,2.76,12
2.77,5,2.77,6
2.78,9,2.78,5
2.79,3,2.79,2
2.8,6,2.8,8
2.81,5,2.81,3
2.82,3,2.82,4
2.83,3,2.83,2
2.84,4,2.84,3
2.85,4,2.85,3
2.86,0,2.86,4
2.87,6,2.87,3
2.88,3,2.88,3
2.89,5,2.89,4
2.9,6,2.9,4
2.91,5,2.91,5
2.92,4,2.92,2
2.93,5,2.93,2
2.94,2,2.94,3
2.95,4,2.95,2
2.96,7,2.96,3
2.97,6,2.97,2
2.98,6,2.98,1
2.99,3,2.99,3
3,3,3,3
3.01,4,3.01,4
3.02,7,3.02,6
3.03,3,3.03,6
3.04,6,3.04,5
3.05,3,3.05,4
3.06,7,3.06,3
3.07,4,3.07,1
3.08,0,3.08,4
3.09,5,3.09,2
3.1,3,3.1,4
3.11,4,3.11,3
3.12,2,3.12,2
3.13,1,3.13,5
3.14,2,3.14,2
3.15,0,3.15,4
3.16,5,3.16,2
3.17,4,3.17,2
3.18,6,3.18,1
3.19,7,3.19,5
3.2,3,3.2,8
3.21,8,3.21,4
3.22,6,3.22,1
3.23,4,3.23,2
3.24,2,3.24,2
3.25,5,3.25,5
3.26,4,3.26,5
3.27,7,3.27,5
3.28,2,3.28,5
3.29,5,3.29,7
3.3,5,3.3,7
3.31,12,3.31,5
3.32,4,3.32,2
3.33,7,3.33,7
3.34,3,3.34,6
3.35,2,3.35,6
3.36,5,3.36,6
3.37,5,3.37,6
3.38,5,3.38,6
3.39,3,3.39,6
3.4,5,3.4,2
3.41,2,3.41,3
3.42,7,3.42,7
3.43,5,3.43,3
3.44,4,3.44,2
3.45,6,3.45,5
3.46,3,3.46,5
3.47,5,3.47,5
3.48,2,3.48,5
3.49,4,3.49,1
3.5,4,3.5,3
3.51,7,3.51,4
3.52,4,3.52,4
3.53,3,3.53,1
3.54,2,3.54,2
3.55,2,3.55,3
3.56,7,3.56,8
3.57,4,3.57,3
3.58,8,3.58,2
3.59,3,3.59,7
3.6,7,3.6,3
3.61,0,3.61,5
3.62,2,3.62,0
3.63,5,3.63,7
3.64,4,3.64,3
3.65,6,3.65,4
3.66,3,3.66,2
3.67,4,3.67,5
3.68,4,3.68,8
3.69,5,3.69,4
3.7,4,3.7,7
3.71,5,3.71,4
3.72,4,3.72,7
3.73,5,3.73,1
3.74,5,3.74,6
3.75,2,3.75,3
3.76,2,3.76,6
3.77,6,3.77,3
3.78,10,3.78,2
3.79,5,3.79,2
3.8,3,3.8,6
3.81,1,3.81,1
3.82,1,3.82,3
3.83,3,3.83,3
3.84,1,3.84,4
3.85,4,3.85,1
3.86,5,3.86,1
3.87,5,3.87,3
3.88,3,3.88,3
3.89,3,3.89,1
3.9,6,3.9,2
3.91,3,3.91,1
3.92,4,3.92,3
3.93,2,3.93,1
3.94,4,3.94,1
3.95,4,3.95,3
3.96,3,3.96,2
3.97,5,3.97,1
3.98,2,3.98,3
3.99,5,3.99,3
4,3,4,4
4.01,1,4.01,1
4.02,1,4.02,4
4.03,7,4.03,2
4.04,3,4.04,1
4.05,2,4.05,0
4.06,2,4.06,3
4.07,3,4.07,4
4.08,3,4.08,2
4.09,1,4.09,3
4.1,2,4.1,4
4.11,4,4.11,4
4.12,0,4.12,3
4.13,4,4.13,2
4.14,1,4.14,0
4.15,1,4.15,0
4.16,4,4.16,4
4.17,6,4.17,3
4.18,4,4.18,0
4.19,2,4.19,0
4.2,2,4.2,2
4.21,2,4.21,4
4.22,4,4.22,4
4.23,2,4.23,3
4.24,3,4.24,6
4.25,3,4.25,6
4.26,3,4.26,3
4.27,6,4.27,2
4.28,8,4.28,2
4.29,4,4.29,1
4.3,4,4.3,5
4.31,2,4.31,5
4.32,4,4.32,5
4.33,6,4.33,3
4.34,4,4.34,5
4.35,6,4.35,10
4.36,5,4.36,4
4.37,17,4.37,15
4.38,12,4.38,12
4.39,12,4.39,18
4.4,32,4.4,26
4.41,39,4.41,35
4.42,77,4.42,59
4.43,85,4.43,57
4.44,108,4.44,95
4.45,136,4.45,140
4.46,200,4.46,148
4.47,249,4.47,198
4.48,289,4.48,213
4.49,304,4.49,237
4.5,318,4.5,234
4.51,332,4.51,298
4.52,350,4.52,272
4.53,303,4.53,222
4.54,305,4.54,209
4.55,204,4.55,194
4.56,210,4.56,170
4.57,165,4.57,143
4.58,119,4.58,117
4.59,91,4.59,80
4.6,65,4.6,44
4.61,37,4.61,48
4.62,36,4.62,36
4.63,17,4.63,18
4.64,14,4.64,15
4.65,8,4.65,7
4.66,3,4.66,8
4.67,8,4.67,7
4.68,4,4.68,1
4.69,3,4.69,4
4.7,5,4.7,5
4.71,7,4.71,3
4.72,4,4.72,4
4.73,4,4.73,2
4.74,1,4.74,4
4.75,3,4.75,7
4.76,3,4.76,3
4.77,8,4.77,2
4.78,6,4.78,2
4.79,2,4.79,3
4.8,9,4.8,3
4.81,4,4.81,4
4.82,8,4.82,9
4.83,12,4.83,8
4.84,16,4.84,10
4.85,18,4.85,12
4.86,23,4.86,21
4.87,35,4.87,22
4.88,23,4.88,16
4.89,28,4.89,34
4.9,55,4.9,25
4.91,33,4.91,36
4.92,51,4.92,38
4.93,42,4.93,34
4.94,47,4.94,46
4.95,44,4.95,40
4.96,40,4.96,42
4.97,34,4.97,24
4.98,32,4.98,27
4.99,30,4.99,18
5,22,5,26
5.01,21,5.01,13
5.02,12,5.02,8
5.03,8,5.03,11
5.04,15,5.04,6
5.05,9,5.05,4
5.06,6,5.06,9
5.07,3,5.07,4
5.08,5,5.08,2
5.09,2,5.09,4
5.1,5,5.1,7
5.11,1,5.11,1
5.12,2,5.12,3
5.13,2,5.13,2
5.14,3,5.14,1
5.15,2,5.15,4
5.16,4,5.16,3
5.17,2,5.17,1
5.18,1,5.18,4
5.19,3,5.19,3
5.2,5,5.2,1
5.21,0,5.21,3
5.22,2,5.22,2
5.23,0,5.23,2
5.24,0,5.24,1
5.25,5,5.25,0
5.26,0,5.26,1
5.27,4,5.27,3
5.28,2,5.28,2
5.29,3,5.29,3
5.3,2,5.3,1
5.31,0,5.31,3
5.32,2,5.32,5
5.33,1,5.33,3
5.34,0,5.34,5
5.35,3,5.35,1
5.36,1,5.36,1
5.37,3,5.37,1
5.38,0,5.38,3
5.39,1,5.39,3
5.4,2,5.4,1
5.41,2,5.41,1
5.42,3,5.42,2
5.43,2,5.43,4
5.44,2,5.44,3
5.45,2,5.45,2
5.46,2,5.46,2
5.47,3,5.47,2
5.48,2,5.48,5
5.49,0,5.49,3
5.5,5,5.5,7
5.51,2,5.51,1
5.52,3,5.52,2
5.53,3,5.53,4
5.54,6,5.54,5
5.55,2,5.55,4
5.56,1,5.56,0
5.57,1,5.57,3
5.58,2,5.58,2
5.59,2,5.59,3
5.6,4,5.6,1
5.61,5,5.61,1
5.62,0,5.62,4
5.63,0,5.63,2
5.64,0,5.64,2
5.65,2,5.65,3
5.66,3,5.66,2
5.67,1,5.67,2
5.68,0,5.68,2
5.69,3,5.69,5
5.7,4,5.7,2
5.71,2,5.71,2
5.72,4,5.72,0
5.73,0,5.73,4
5.74,2,5.74,3
5.75,7,5.75,0
5.76,1,5.76,1
5.77,1,5.77,4
5.78,1,5.78,1
5.79,5,5.79,1
5.8,1,5.8,0
5.81,3,5.81,3
5.82,1,5.82,1
5.83,2,5.83,2
5.84,0,5.84,1
5.85,1,5.85,0
5.86,5,5.86,2
5.87,2,5.87,0
5.88,1,5.88,0
5.89,2,5.89,0
5.9,3,5.9,2
5.91,3,5.91,0
5.92,4,5.92,4
5.93,0,5.93,2
5.94,3,5.94,0
5.95,2,5.95,2
5.96,4,5.96,0
5.97,1,5.97,0
5.98,2,5.98,0
5.99,6,5.99,2
6,4,6,2
6.01,1,6.01,0
6.02,2,6.02,2
6.03,6,6.03,2
6.04,0,6.04,6
6.05,0,6.05,1
6.06,6,6.06,3
6.07,3,6.07,2
6.08,1,6.08,0
6.09,2,6.09,2
6.1,2,6.1,3
6.11,1,6.11,2
6.12,3,6.12,1
6.13,3,6.13,2
6.14,1,6.14,0
6.15,2,6.15,4
6.16,1,6.16,2
6.17,0,6.17,0
6.18,3,6.18,2
6.19,1,6.19,2
6.2,0,6.2,4
6.21,1,6.21,1
6.22,1,6.22,1
6.23,4,6.23,0
6.24,4,6.24,2
6.25,0,6.25,4
6.26,3,6.26,0
6.27,2,6.27,1
6.28,3,6.28,2
6.29,3,6.29,3
6.3,3,6.3,2
6.31,3,6.31,2
6.32,1,6.32,0
6.33,5,6.33,2
6.34,6,6.34,4
6.35,2,6.35,2
6.36,6,6.36,4
6.37,6,6.37,7
6.38,3,6.38,4
6.39,3,6.39,8
6.4,6,6.4,5
6.41,6,6.41,3
6.42,8,6.42,6
6.43,3,6.43,5
6.44,4,6.44,3
6.45,4,6.45,6
6.46,5,6.46,3
6.47,2,6.47,2
6.48,0,6.48,3
6.49,2,6.49,3
6.5,6,6.5,0
6.51,1,6.51,3
6.52,2,6.52,1
6.53,0,6.53,0
6.54,2,6.54,2
6.55,2,6.55,0
6.56,3,6.56,1
6.57,2,6.57,1
6.58,0,6.58,2
6.59,2,6.59,1
6.6,1,6.6,4
6.61,2,6.61,3
6.62,3,6.62,2
6.63,2,6.63,1
6.64,2,6.64,1
6.65,2,6.65,2
6.66,1,6.66,2
6.67,1,6.67,2
6.68,1,6.68,1
6.69,2,6.69,3
6.7,2,6.7,2
6.71,1,6.71,3
6.72,0,6.72,1
6.73,4,6.73,3
6.74,5,6.74,2
6.75,1,6.75,6
6.76,1,6.76,1
6.77,5,6.77,1
6.78,3,6.78,1
6.79,3,6.79,3
6.8,2,6.8,1
6.81,4,6.81,3
6.82,4,6.82,4
6.83,3,6.83,2
6.84,2,6.84,1
6.85,2,6.85,4
6.86,2,6.86,4
6.87,6,6.87,3
6.88,4,6.88,4
6.89,4,6.89,5
6.9,4,6.9,6
6.91,7,6.91,7
6.92,5,6.92,3
6.93,7,6.93,2
6.94,4,6.94,4
6.95,5,6.95,4
6.96,5,6.96,5
6.97,3,6.97,3
6.98,6,6.98,5
6.99,5,6.99,2
7,3,7,1
7.01,2,7.01,0
7.02,4,7.02,3
7.03,2,7.03,1
7.04,0,7.04,2
7.05,4,7.05,3
7.06,5,7.06,2
7.07,1,7.07,3
7.08,5,7.08,1
7.09,2,7.09,2
7.1,1,7.1,5
7.11,2,7.11,1
7.12,3,7.12,2
7.13,3,7.13,1
7.14,2,7.14,2
7.15,1,7.15,5
7.16,3,7.16,0
7.17,2,7.17,1
7.18,2,7.18,3
7.19,3,7.19,1
7.2,1,7.2,1
7.21,1,7.21,0
7.22,0,7.22,3
7.23,1,7.23,2
7.24,0,7.24,1
7.25,1,7.25,2
7.26,1,7.26,1
7.27,1,7.27,0
7.28,3,7.28,4
7.29,2,7.29,2
7.3,0,7.3,0
7.31,0,7.31,1
7.32,0,7.32,3
7.33,3,7.33,0
7.34,1,7.34,3
7.35,2,7.35,2
7.36,1,7.36,1
7.37,1,7.37,0
7.38,0,7.38,4
7.39,1,7.39,0
7.4,1,7.4,2
7.41,3,7.41,2
7.42,1,7.42,1
7.43,1,7.43,1
7.44,2,7.44,0
7.45,2,7.45,4
7.46,2,7.46,2
7.47,2,7.47,1
7.48,4,7.48,4
7.49,1,7.49,1
7.5,2,7.5,4
7.51,3,7.51,2
7.52,1,7.52,2
7.53,6,7.53,1
7.54,0,7.54,1
7.55,4,7.55,0
7.56,2,7.56,1
7.57,0,7.57,4
7.58,1,7.58,2
7.59,6,7.59,1
7.6,2,7.6,4
7.61,2,7.61,2
7.62,1,7.62,1
7.63,1,7.63,2
7.64,3,7.64,2
7.65,1,7.65,1
7.66,4,7.66,1
7.67,1,7.67,2
7.68,2,7.68,4
7.69,1,7.69,3
7.7,2,7.7,1
7.71,2,7.71,5
7.72,1,7.72,5
7.73,1,7.73,3
7.74,0,7.74,2
7.75,2,7.75,3
7.76,1,7.76,2
7.77,2,7.77,2
7.78,1,7.78,1
7.79,2,7.79,1
7.8,3,7.8,0
7.81,2,7.81,0
7.82,4,7.82,0
7.83,2,7.83,1
7.84,2,7.84,1
7.85,1,7.85,2
7.86,3,7.86,0
7.87,4,7.87,1
7.88,3,7.88,0
7.89,2,7.89,3
7.9,0,7.9,1
7.91,0,7.91,1
7.92,0,7.92,1
7.93,1,7.93,2
7.94,2,7.94,2
7.95,1,7.95,0
7.96,3,7.96,4
7.97,2,7.97,0
7.98,0,7.98,1
7.99,3,7.99,2
8,2,8,4
8.01,1,8.01,1
8.02,1,8.02,3
8.03,2,8.03,1
8.04,1,8.04,1
8.05,3,8.05,0
8.06,2,8.06,2
8.07,1,8.07,2
8.08,1,8.08,4
8.09,4,8.09,0
8.1,2,8.1,1
8.11,3,8.11,1
8.12,1,8.12,3
8.13,3,8.13,3
8.14,2,8.14,5
8.15,1,8.15,0
8.16,3,8.16,3
8.17,0,8.17,2
8.18,1,8.18,1
8.19,1,8.19,0
8.2,2,8.2,3
8.21,3,8.21,4
8.22,2,8.22,0
8.23,3,8.23,2
8.24,2,8.24,4
8.25,2,8.25,2
8.26,1,8.26,1
8.27,2,8.27,2
8.28,4,8.28,0
8.29,3,8.29,1
8.3,1,8.3,1
8.31,2,8.31,1
8.32,1,8.32,0
8.33,1,8.33,0
8.34,1,8.34,2
8.35,0,8.35,2
8.36,2,8.36,0
8.37,3,8.37,1
8.38,2,8.38,4
8.39,2,8.39,3
8.4,1,8.4,2
8.41,2,8.41,2
8.42,0,8.42,3
8.43,4,8.43,0
8.44,3,8.44,0
8.45,0,8.45,2
8.46,1,8.46,1
8.47,1,8.47,1
8.48,0,8.48,1
8.49,2,8.49,2
8.5,1,8.5,2
8.51,1,8.51,1
8.52,0,8.52,1
8.53,4,8.53,2
8.54,1,8.54,1
8.55,2,8.55,1
8.56,0,8.56,0
8.57,2,8.57,1
8.58,1,8.58,0
8.59,1,8.59,1
8.6,1,8.6,1
8.61,0,8.61,2
8.62,4,8.62,0
8.63,1,8.63,1
8.64,0,8.64,2
8.65,0,8.65,3
8.66,0,8.66,0
8.67,4,8.67,0
8.68,1,8.68,1
8.69,2,8.69,1
8.7,2,8.7,3
8.71,0,8.71,3
8.72,2,8.72,2
8.73,0,8.73,2
8.74,2,8.74,1
8.75,0,8.75,3
8.76,2,8.76,3
8.77,1,8.77,0
8.78,3,8.78,1
8.79,0,8.79,0
8.8,0,8.8,0
8.81,3,8.81,2
8.82,1,8.82,2
8.83,1,8.83,3
8.84,2,8.84,2
8.85,3,8.85,1
8.86,3,8.86,0
8.87,2,8.87,2
8.88,1,8.88,0
8.89,2,8.89,1
8.9,0,8.9,0
8.91,0,8.91,2
8.92,0,8.92,1
8.93,1,8.93,2
8.94,4,8.94,0
8.95,1,8.95,2
8.96,1,8.96,1
8.97,1,8.97,0
8.98,2,8.98,1
8.99,2,8.99,0
9,3,9,1
9.01,1,9.01,1
9.02,1,9.02,1
9.03,0,9.03,3
9.04,1,9.04,1
9.05,2,9.05,0
9.06,2,9.06,1
9.07,1,9.07,0
9.08,2,9.08,2
9.09,2,9.09,0
9.1,5,9.1,1
9.11,0,9.11,0
9.12,2,9.12,1
9.13,0,9.13,2
9.14,1,9.14,1
9.15,2,9.15,0
9.16,4,9.16,2
9.17,2,9.17,2
9.18,3,9.18,3
9.19,7,9.19,1
9.2,3,9.2,5
9.21,3,9.21,3
9.22,2,9.22,2
9.23,6,9.23,2
9.24,1,9.24,1
9.25,0,9.25,3
9.26,3,9.26,3
9.27,5,9.27,2
9.28,0,9.28,1
9.29,1,9.29,1
9.3,1,9.3,0
9.31,3,9.31,4
9.32,3,9.32,0
9.33,0,9.33,2
9.34,1,9.34,1
9.35,3,9.35,0
9.36,2,9.36,0
9.37,4,9.37,0
9.38,1,9.38,1
9.39,1,9.39,1
9.4,2,9.4,2
9.41,1,9.41,0
9.42,1,9.42,2
9.43,1,9.43,1
9.44,0,9.44,1
9.45,3,9.45,1
9.46,1,9.46,0
9.47,1,9.47,1
9.48,0,9.48,2
9.49,2,9.49,0
9.5,0,9.5,2
9.51,0,9.51,0
9.52,2,9.52,0
9.53,3,9.53,0
9.54,0,9.54,3
9.55,2,9.55,1
9.56,1,9.56,0
9.57,0,9.57,0
9.58,4,9.58,1
9.59,1,9.59,0
9.6,1,9.6,1
9.61,2,9.61,2
9.62,1,9.62,0
9.63,2,9.63,2
9.64,0,9.64,3
9.65,1,9.65,0
9.66,3,9.66,3
9.67,0,9.67,0
9.68,1,9.68,0
9.69,0,9.69,1
9.7,2,9.7,0
9.71,2,9.71,4
9.72,1,9.72,0
9.73,0,9.73,2
9.74,3,9.74,1
9.75,1,9.75,0
9.76,5,9.76,1
9.77,0,9.77,2
9.78,2,9.78,1
9.79,2,9.79,0
9.8,1,9.8,2
9.81,2,9.81,0
9.82,1,9.82,1
9.83,2,9.83,0
9.84,3,9.84,0
9.85,2,9.85,1
9.86,2,9.86,0
9.87,2,9.87,1
9.88,1,9.88,1
9.89,1,9.89,1
9.9,3,9.9,1
9.91,4,9.91,1
9.92,0,9.92,3
9.93,1,9.93,0
9.94,2,9.94,0
9.95,1,9.95,0
9.96,3,9.96,1
9.97,0,9.97,3
9.98,4,9.98,1
9.99,1,9.99,3
10,1,10,1
10.01,2,10.01,2
10.02,1,10.02,0
10.03,1,10.03,0
10.04,1,10.04,0
10.05,0,10.05,0
10.06,3,10.06,3
10.07,0,10.07,0
10.08,0,10.08,2
10.09,1,10.09,1
10.1,4,10.1,0
10.11,3,10.11,1
10.12,1,10.12,2
10.13,1,10.13,1
10.14,1,10.14,2
10.15,0,10.15,0
10.16,3,10.16,0
10.17,6,10.17,1
10.18,1,10.18,0
10.19,1,10.19,1
10.2,1,10.2,1
10.21,3,10.21,2
10.22,0,10.22,4
10.23,1,10.23,0
10.24,0,10.24,1
10.25,4,10.25,1
10.26,2,10.26,1
10.27,1,10.27,2
10.28,0,10.28,2
10.29,2,10.29,2
10.3,1,10.3,0
10.31,1,10.31,0
10.32,0,10.32,2
10.33,2,10.33,0
10.34,1,10.34,2
10.35,1,10.35,1
10.36,3,10.36,1
10.37,1,10.37,4
10.38,3,10.38,0
10.39,1,10.39,1
10.4,2,10.4,1
10.41,1,10.41,0
10.42,2,10.42,1
10.43,0,10.43,2
10.44,2,10.44,0
10.45,0,10.45,4
10.46,1,10.46,1
10.47,3,10.47,1
10.48,3,10.48,1
10.49,1,10.49,2
10.5,3,10.5,0
10.51,0,10.51,0
10.52,2,10.52,2
10.53,1,10.53,0
10.54,0,10.54,2
10.55,1,10.55,2
10.56,1,10.56,0
10.57,0,10.57,3
10.58,2,10.58,0
10.59,1,10.59,3
10.6,2,10.6,4
10.61,2,10.61,1
10.62,0,10.62,0
10.63,1,10.63,4
10.64,4,10.64,0
10.65,1,10.65,0
10.66,1,10.66,4
10.67,1,10.67,0
10.68,1,10.68,0
10.69,0,10.69,1
10.7,3,10.7,3
10.71,2,10.71,2
10.72,1,10.72,1
10.73,1,10.73,0
10.74,1,10.74,0
10.75,1,10.75,1
10.76,2,10.76,0
10.77,0,10.77,1
10.78,1,10.78,0
10.79,1,10.79,1
10.8,1,10.8,1
10.81,0,10.81,1
10.82,1,10.82,1
10.83,1,10.83,0
10.84,1,10.84,0
10.85,0,10.85,0
10.86,1,10.86,1
10.87,0,10.87,0
10.88,0,10.88,1
10.89,0,10.89,1
10.9,1,10.9,1
10.91,3,10.91,0
10.92,1,10.92,0
10.93,1,10.93,1
10.94,1,10.94,1
10.95,2,10.95,1
10.96,0,10.96,0
10.97,0,10.97,1
10.98,0,10.98,1
10.99,2,10.99,1
11,2,11,1
11.01,0,11.01,0
11.02,3,11.02,1
11.03,1,11.03,1
11.04,0,11.04,0
11.05,1,11.05,0
11.06,2,11.06,0
11.07,2,11.07,0
11.08,0,11.08,1
11.09,1,11.09,2
11.1,0,11.1,1
11.11,2,11.11,0
11.12,1,11.12,2
11.13,3,11.13,0
11.14,0,11.14,0
11.15,1,11.15,0
11.16,0,11.16,1
11.17,2,11.17,3
11.18,0,11.18,0
11.19,0,11.19,0
11.2,0,11.2,1
11.21,2,11.21,1
11.22,1,11.22,0
11.23,0,11.23,4
11.24,1,11.24,1
11.25,1,11.25,0
11.26,3,11.26,1
11.27,3,11.27,0
11.28,1,11.28,0
11.29,1,11.29,1
11.3,1,11.3,1
11.31,2,11.31,1
11.32,1,11.32,2
11.33,1,11.33,0
11.34,2,11.34,0
11.35,2,11.35,1
11.36,2,11.36,1
11.37,1,11.37,0
11.38,2,11.38,2
11.39,0,11.39,0
11.4,0,11.4,1
11.41,1,11.41,1
11.42,0,11.42,0
11.43,1,11.43,1
11.44,1,11.44,2
11.45,1,11.45,0
11.46,0,11.46,0
11.47,0,11.47,1
11.48,2,11.48,3
11.49,2,11.49,1
11.5,2,11.5,1
11.51,1,11.51,3
11.52,0,11.52,1
11.53,0,11.53,1
11.54,0,11.54,0
11.55,1,11.55,1
11.56,0,11.56,0
11.57,0,11.57,1
11.58,1,11.58,1
11.59,3,11.59,1
11.6,2,11.6,0
11.61,1,11.61,3
11.62,2,11.62,1
11.63,1,11.63,3
11.64,1,11.64,0
11.65,1,11.65,5
11.66,3,11.66,1
11.67,0,11.67,0
11.68,0,11.68,1
11.69,4,11.69,0
11.7,0,11.7,1
11.71,5,11.71,1
11.72,2,11.72,1
11.73,4,11.73,1
11.74,1,11.74,2
11.75,0,11.75,1
11.76,0,11.76,0
11.77,1,11.77,0
11.78,2,11.78,1
11.79,3,11.79,1
11.8,2,11.8,0
11.81,1,11.81,0
11.82,0,11.82,1
11.83,1,11.83,0
11.84,1,11.84,0
11.85,1,11.85,0
11.86,2,11.86,0
11.87,0,11.87,3
11.88,1,11.88,1
11.89,2,11.89,0
11.9,0,11.9,0
11.91,0,11.91,1
11.92,2,11.92,0
11.93,0,11.93,0
11.94,2,11.94,0
11.95,1,11.95,2
11.96,1,11.96,0
11.97,1,11.97,0
11.98,3,11.98,1
11.99,1,11.99,1
12,0,12,1
12.01,0,12.01,0
12.02,0,12.02,2
12.03,1,12.03,0
12.04,2,12.04,0
12.05,0,12.05,0
12.06,2,12.06,0
12.07,0,12.07,1
12.08,0,12.08,1
12.09,1,12.09,1
12.1,2,12.1,1
12.11,1,12.11,0
12.12,1,12.12,1
12.13,0,12.13,0
12.14,1,12.14,1
12.15,0,12.15,2
12.16,0,12.16,1
12.17,1,12.17,1
12.18,0,12.18,1
12.19,0,12.19,0
12.2,1,12.2,1
12.21,0,12.21,2
12.22,1,12.22,1
12.23,0,12.23,1
12.24,1,12.24,1
12.25,0,12.25,1
12.26,2,12.26,1
12.27,1,12.27,0
12.28,1,12.28,1
12.29,0,12.29,0
12.3,1,12.3,1
12.31,0,12.31,2
12.32,0,12.32,2
12.33,0,12.33,1
12.34,0,12.34,1
12.35,0,12.35,1
12.36,4,12.36,0
12.37,2,12.37,2
12.38,1,12.38,0
12.39,2,12.39,0
12.4,1,12.4,0
12.41,0,12.41,3
12.42,1,12.42,1
12.43,1,12.43,0
12.44,0,12.44,1
12.45,1,12.45,2
12.46,0,12.46,0
12.47,4,12.47,0
12.48,3,12.48,0
12.49,1,12.49,0
12.5,0,12.5,0
12.51,2,12.51,1
12.52,1,12.52,1
12.53,0,12.53,0
12.54,1,12.54,0
12.55,1,12.55,0
12.56,1,12.56,0
12.57,0,12.57,1
12.58,2,12.58,0
12.59,1,12.59,2
12.6,2,12.6,2
12.61,0,12.61,1
12.62,0,12.62,0
12.63,0,12.63,2
12.64,1,12.64,0
12.65,1,12.65,0
12.66,1,12.66,0
12.67,0,12.67,0
12.68,3,12.68,0
12.69,0,12.69,0
12.7,2,12.7,1
12.71,0,12.71,0
12.72,0,12.72,1
12.73,0,12.73,1
12.74,1,12.74,1
12.75,0,12.75,3
12.76,1,12.76,0
12.77,3,12.77,2
12.78,0,12.78,2
12.79,1,12.79,0
12.8,2,12.8,1
12.81,1,12.81,0
12.82,1,12.82,1
12.83,0,12.83,0
12.84,1,12.84,0
12.85,1,12.85,2
12.86,1,12.86,1
12.87,2,12.87,1
12.88,1,12.88,2
12.89,0,12.89,0
12.9,1,12.9,0
12.91,1,12.91,1
12.92,0,12.92,1
12.93,0,12.93,1
12.94,0,12.94,1
12.95,0,12.95,0
12.96,1,12.96,0
12.97,0,12.97,2
12.98,0,12.98,3
12.99,0,12.99,0
13,0,13,1
13.01,1,13.01,0
13.02,0,13.02,0
13.03,0,13.03,0
13.04,3,13.04,0
13.05,0,13.05,1
13.06,0,13.06,3
13.07,0,13.07,0
13.08,2,13.08,1
13.09,0,13.09,2
13.1,2,13.1,0
13.11,2,13.11,1
13.12,1,13.12,0
13.13,0,13.13,1
13.14,2,13.14,0
13.15,2,13.15,0
13.16,1,13.16,3
13.17,2,13.17,2
13.18,0,13.18,0
13.19,1,13.19,0
13.2,1,13.2,0
13.21,1,13.21,0
13.22,3,13.22,1
13.23,1,13.23,0
13.24,1,13.24,2
13.25,1,13.25,1
13.26,0,13.26,1
13.27,2,13.27,1
13.28,2,13.28,2
13.29,1,13.29,1
13.3,1,13.3,0
13.31,1,13.31,2
13.32,3,13.32,3
13.33,0,13.33,0
13.34,5,13.34,1
13.35,1,13.35,2
13.36,0,13.36,2
13.37,3,13.37,1
13.38,3,13.38,1
13.39,1,13.39,1
13.4,0,13.4,1
13.41,0,13.41,1
13.42,0,13.42,4
13.43,0,13.43,0
13.44,1,13.44,1
13.45,0,13.45,0
13.46,2,13.46,0
13.47,1,13.47,2
13.48,0,13.48,3
13.49,0,13.49,0
13.5,1,13.5,1
13.51,1,13.51,0
13.52,0,13.52,2
13.53,2,13.53,1
13.54,1,13.54,1
13.55,4,13.55,2
13.56,1,13.56,1
13.57,1,13.57,0
13.58,2,13.58,0
13.59,1,13.59,2
13.6,1,13.6,0
13.61,0,13.61,0
13.62,0,13.62,0
13.63,1,13.63,1
13.64,2,13.64,0
13.65,1,13.65,0
13.66,0,13.66,1
13.67,0,13.67,1
13.68,0,13.68,1
13.69,2,13.69,1
13.7,0,13.7,0
13.71,0,13.71,0
13.72,0,13.72,1
13.73,1,13.73,1
13.74,1,13.74,2
13.75,1,13.75,2
13.76,0,13.76,2
13.77,0,13.77,0
13.78,0,13.78,1
13.79,0,13.79,2
13.8,1,13.8,4
13.81,3,13.81,0
13.82,2,13.82,4
13.83,3,13.83,0
13.84,4,13.84,0
13.85,2,13.85,1
13.86,2,13.86,4
13.87,3,13.87,2
13.88,1,13.88,1
13.89,6,13.89,6
13.9,3,13.9,5
13.91,6,13.91,6
13.92,9,13.92,7
13.93,9,13.93,12
13.94,14,13.94,7
13.95,10,13.95,11
13.96,12,13.96,6
13.97,14,13.97,9
13.98,20,13.98,17
13.99,15,13.99,18
14,24,14,24
14.01,29,14.01,24
14.02,39,14.02,37
14.03,35,14.03,31
14.04,41,14.04,44
14.05,62,14.05,32
14.06,52,14.06,45
14.07,60,14.07,49
14.08,50,14.08,51
14.09,61,14.09,53
14.1,65,14.1,65
14.11,75,14.11,62
14.12,69,14.12,60
14.13,69,14.13,44
14.14,67,14.14,60
14.15,75,14.15,76
14.16,69,14.16,71
14.17,63,14.17,61
14.18,70,14.18,62
14.19,59,14.19,54
14.2,62,14.2,58
14.21,55,14.21,61
14.22,52,14.22,43
14.23,35,14.23,42
14.24,33,14.24,27
14.25,37,14.25,34
14.26,38,14.26,32
14.27,24,14.27,28
14.28,29,14.28,29
14.29,15,14.29,17
14.3,11,14.3,19
14.31,16,14.31,6
14.32,7,14.32,10
14.33,6,14.33,9
14.34,7,14.34,6
14.35,8,14.35,1
14.36,4,14.36,6
14.37,3,14.37,1
14.38,0,14.38,4
14.39,3,14.39,2
14.4,4,14.4,0
14.41,1,14.41,1
14.42,1,14.42,2
14.43,1,14.43,1
14.44,1,14.44,0
14.45,0,14.45,0
14.46,0,14.46,1
14.47,2,14.47,0
14.48,0,14.48,1
14.49,1,14.49,3
14.5,0,14.5,1
14.51,2,14.51,0
14.52,1,14.52,0
14.53,1,14.53,0
14.54,0,14.54,1
14.55,1,14.55,0
14.56,1,14.56,0
14.57,0,14.57,1
14.58,0,14.58,1
14.59,0,14.59,0
14.6,2,14.6,0
14.61,0,14.61,0
14.62,1,14.62,0
14.63,2,14.63,1
14.64,1,14.64,0
14.65,0,14.65,1
14.66,1,14.66,0
14.67,1,14.67,0
14.68,2,14.68,0
14.69,0,14.69,0
14.7,0,14.7,0
14.71,0,14.71,0
14.72,0,14.72,0
14.73,1,14.73,0
14.74,1,14.74,0
14.75,0,14.75,1
14.76,3,14.76,1
14.77,2,14.77,0
14.78,0,14.78,1
14.79,0,14.79,1
14.8,0,14.8,1
14.81,0,14.81,1
14.82,0,14.82,1
14.83,0,14.83,0
14.84,1,14.84,0
14.85,1,14.85,0
14.86,0,14.86,2
14.87,0,14.87,0
14.88,2,14.88,0
14.89,1,14.89,0
14.9,0,14.9,1
14.91,1,14.91,1
14.92,0,14.92,0
14.93,2,14.93,0
14.94,2,14.94,2
14.95,0,14.95,0
14.96,2,14.96,0
14.97,1,14.97,1
14.98,0,14.98,1
14.99,1,14.99,1
15,1,15,0
15.01,2,15.01,1
15.02,2,15.02,0
15.03,0,15.03,0
15.04,2,15.04,1
15.05,1,15.05,1
15.06,1,15.06,0
15.07,0,15.07,0
15.08,0,15.08,0
15.09,0,15.09,0
15.1,1,15.1,1
15.11,1,15.11,0
15.12,2,15.12,0
15.13,0,15.13,0
15.14,0,15.14,1
15.15,0,15.15,1
15.16,1,15.16,0
15.17,0,15.17,0
15.18,1,15.18,0
15.19,1,15.19,0
15.2,0,15.2,1
15.21,0,15.21,0
15.22,1,15.22,0
15.23,1,15.23,0
15.24,0,15.24,0
15.25,2,15.25,1
15.26,0,15.26,0
15.27,0,15.27,1
15.28,1,15.28,0
15.29,0,15.29,1
15.3,2,15.3,1
15.31,0,15.31,0
15.32,0,15.32,0
15.33,0,15.33,1
15.34,1,15.34,3
15.35,1,15.35,0
15.36,0,15.36,0
15.37,2,15.37,1
15.38,2,15.38,0
15.39,0,15.39,0
15.4,0,15.4,2
15.41,1,15.41,1
15.42,0,15.42,1
15.43,0,15.43,0
15.44,1,15.44,1
15.45,0,15.45,0
15.46,1,15.46,0
15.47,1,15.47,1
15.48,2,15.48,0
15.49,1,15.49,0
15.5,0,15.5,0
15.51,1,15.51,1
15.52,0,15.52,0
15.53,0,15.53,0
15.54,0,15.54,0
15.55,0,15.55,1
15.56,2,15.56,0
15.57,0,15.57,2
15.58,2,15.58,1
15.59,1,15.59,0
15.6,1,15.6,0
15.61,1,15.61,2
15.62,1,15.62,4
15.63,0,15.63,3
15.64,1,15.64,0
15.65,1,15.65,3
15.66,1,15.66,1
15.67,1,15.67,3
15.68,3,15.68,4
15.69,5,15.69,5
15.7,6,15.7,3
15.71,3,15.71,2
15.72,4,15.72,3
15.73,12,15.73,9
15.74,9,15.74,9
15.75,7,15.75,4
15.76,12,15.76,3
15.77,5,15.77,7
15.78,5,15.78,6
15.79,6,15.79,14
15.8,13,15.8,14
15.81,11,15.81,10
15.82,7,15.82,12
15.83,13,15.83,8
15.84,10,15.84,10
15.85,11,15.85,9
15.86,4,15.86,11
15.87,6,15.87,8
15.88,10,15.88,8
15.89,11,15.89,9
15.9,6,15.9,14
15.91,8,15.91,5
15.92,10,15.92,12
15.93,7,15.93,6
15.94,6,15.94,6
15.95,6,15.95,7
15.96,4,15.96,5
15.97,6,15.97,2
15.98,5,15.98,2
15.99,3,15.99,0
16,1,16,3
16.01,1,16.01,3
16.02,3,16.02,2
16.03,3,16.03,5
16.04,2,16.04,1
16.05,2,16.05,3
16.06,3,16.06,0
16.07,2,16.07,0
16.08,4,16.08,3
16.09,2,16.09,1
16.1,2,16.1,0
16.11,1,16.11,1
16.12,3,16.12,0
16.13,4,16.13,3
16.14,1,16.14,0
16.15,3,16.15,1
16.16,1,16.16,1
16.17,1,16.17,1
16.18,3,16.18,0
16.19,2,16.19,1
16.2,1,16.2,0
16.21,1,16.21,2
16.22,2,16.22,0
16.23,0,16.23,2
16.24,0,16.24,0
16.25,1,16.25,1
16.26,2,16.26,0
16.27,0,16.27,0
16.28,1,16.28,0
16.29,0,16.29,0
16.3,0,16.3,0
16.31,0,16.31,0
16.32,0,16.32,0
16.33,0,16.33,0
16.34,0,16.34,0
16.35,1,16.35,0
16.36,2,16.36,0
16.37,0,16.37,0
16.38,0,16.38,0
16.39,0,16.39,0
16.4,1,16.4,0
16.41,0,16.41,0
16.42,1,16.42,1
16.43,1,16.43,0
16.44,0,16.44,0
16.45,1,16.45,0
16.46,2,16.46,1
16.47,1,16.47,1
16.48,0,16.48,2
16.49,0,16.49,0
16.5,0,16.5,0
16.51,1,16.51,2
16.52,0,16.52,1
16.53,0,16.53,3
16.54,2,16.54,1
16.55,0,16.55,0
16.56,0,16.56,0
16.57,0,16.57,1
16.58,0,16.58,0
16.59,1,16.59,0
16.6,0,16.6,0
16.61,0,16.61,0
16.62,0,16.62,0
16.63,0,16.63,1
16.64,1,16.64,0
16.65,0,16.65,0
16.66,0,16.66,0
16.67,0,16.67,0
16.68,0,16.68,1
16.69,0,16.69,0
16.7,0,16.7,2
16.71,0,16.71,1
16.72,1,16.72,0
16.73,0,16.73,0
16.74,0,16.74,0
16.75,1,16.75,2
16.76,0,16.76,0
16.77,0,16.77,1
16.78,0,16.78,0
16.79,0,16.79,0
16.8,1,16.8,1
16.81,0,16.81,0
16.82,1,16.82,0
16.83,0,16.83,0
16.84,0,16.84,1
16.85,0,16.85,1
16.86,0,16.86,0
16.87,1,16.87,0
16.88,0,16.88,0
16.89,2,16.89,0
16.9,0,16.9,1
16.91,0,16.91,0
16.92,0,16.92,1
16.93,0,16.93,1
16.94,0,16.94,0
16.95,0,16.95,1
16.96,0,16.96,0
16.97,0,16.97,0
16.98,0,16.98,0
16.99,0,16.99,0
17,0,17,0
17.01,1,17.01,1
17.02,2,17.02,0
17.03,1,17.03,0
17.04,0,17.04,0
17.05,0,17.05,0
17.06,0,17.06,0
17.07,0,17.07,0
17.08,1,17.08,0
17.09,0,17.09,2
17.1,0,17.1,0
17.11,0,17.11,0
17.12,0,17.12,0
17.13,2,17.13,1
17.14,0,17.14,0
17.15,0,17.15,0
17.16,0,17.16,1
17.17,1,17.17,1
17.18,0,17.18,0
17.19,0,17.19,2
17.2,1,17.2,0
17.21,1,17.21,0
17.22,0,17.22,2
17.23,0,17.23,0
17.24,1,17.24,0
17.25,0,17.25,0
17.26,1,17.26,0
17.27,0,17.27,1
17.28,2,17.28,1
17.29,3,17.29,0
17.3,2,17.3,1
17.31,0,17.31,1
17.32,0,17.32,2
17.33,1,17.33,0
17.34,1,17.34,3
17.35,0,17.35,0
17.36,2,17.36,0
17.37,0,17.37,1
17.38,1,17.38,0
17.39,1,17.39,1
17.4,2,17.4,2
17.41,2,17.41,3
17.42,2,17.42,0
17.43,4,17.43,1
17.44,2,17.44,2
17.45,0,17.45,2
17.46,2,17.46,0
17.47,2,17.47,3
17.48,0,17.48,1
17.49,4,17.49,0
17.5,1,17.5,2
17.51,1,17.51,0
17.52,2,17.52,1
17.53,3,17.53,1
17.54,3,17.54,1
17.55,1,17.55,0
17.56,2,17.56,0
17.57,2,17.57,0
17.58,0,17.58,2
17.59,0,17.59,0
17.6,0,17.6,1
17.61,2,17.61,0
17.62,0,17.62,1
17.63,0,17.63,0
17.64,2,17.64,1
17.65,0,17.65,0
17.66,0,17.66,0
17.67,0,17.67,0
17.68,0,17.68,0
17.69,1,17.69,0
17.7,0,17.7,0
17.71,0,17.71,0
17.72,1,17.72,0
17.73,0,17.73,0
17.74,0,17.74,1
17.75,0,17.75,0
17.76,0,17.76,0
17.77,1,17.77,0
17.78,0,17.78,1
17.79,2,17.79,0
17.8,0,17.8,1
17.81,0,17.81,0
17.82,0,17.82,1
17.83,1,17.83,0
17.84,1,17.84,0
17.85,1,17.85,0
17.86,0,17.86,1
17.87,1,17.87,1
17.88,0,17.88,0
17.89,1,17.89,0
17.9,0,17.9,0
17.91,0,17.91,0
17.92,1,17.92,0
17.93,0,17.93,1
17.94,0,17.94,0
17.95,0,17.95,0
17.96,0,17.96,0
17.97,0,17.97,0
17.98,0,17.98,0
17.99,1,17.99,0
18,1,18,0
18.01,0,18.01,0
18.02,0,18.02,0
18.03,0,18.03,0
18.04,0,18.04,0
18.05,0,18.05,0
18.06,0,18.06,0
18.07,1,18.07,0
18.08,0,18.08,0
18.09,0,18.09,0
18.1,2,18.1,0
18.11,0,18.11,0
18.12,0,18.12,0
18.13,1,18.13,0
18.14,0,18.14,1
18.15,0,18.15,0
18.16,1,18.16,0
18.17,0,18.17,1
18.18,1,18.18,0
18.19,0,18.19,0
18.2,2,18.2,0
18.21,0,18.21,0
18.22,0,18.22,1
18.23,0,18.23,0
18.24,1,18.24,0
18.25,2,18.25,0
18.26,0,18.26,1
18.27,1,18.27,0
18.28,0,18.28,0
18.29,1,18.29,0
18.3,1,18.3,0
18.31,0,18.31,1
18.32,0,18.32,0
18.33,0,18.33,0
18.34,0,18.34,0
18.35,0,18.35,0
18.36,1,18.36,0
18.37,0,18.37,0
18.38,0,18.38,0
18.39,0,18.39,0
18.4,0,18.4,2
18.41,0,18.41,0
18.42,0,18.42,0
18.43,0,18.43,1
18.44,0,18.44,0
18.45,2,18.45,1
18.46,0,18.46,0
18.47,0,18.47,0
18.48,0,18.48,0
18.49,0,18.49,0
18.5,0,18.5,0
18.51,0,18.51,0
18.52,0,18.52,0
18.53,0,18.53,0
18.54,0,18.54,0
18.55,0,18.55,0
18.56,1,18.56,1
18.57,0,18.57,0
18.58,0,18.58,1
18.59,0,18.59,0
18.6,0,18.6,0
18.61,0,18.61,0
18.62,0,18.62,0
18.63,1,18.63,0
18.64,1,18.64,0
18.65,0,18.65,0
18.66,0,18.66,0
18.67,0,18.67,0
18.68,0,18.68,1
18.69,0,18.69,0
18.7,0,18.7,0
18.71,0,18.71,1
18.72,1,18.72,0
18.73,1,18.73,1
18.74,1,18.74,0
18.75,0,18.75,0
18.76,0,18.76,0
18.77,0,18.77,0
18.78,1,18.78,0
18.79,1,18.79,0
18.8,1,18.8,0
18.81,1,18.81,0
18.82,0,18.82,0
18.83,2,18.83,0
18.84,0,18.84,0
18.85,0,18.85,0
18.86,1,18.86,0
18.87,0,18.87,1
18.88,1,18.88,1
18.89,0,18.89,1
18.9,0,18.9,0
18.91,0,18.91,0
18.92,1,18.92,0
18.93,0,18.93,0
18.94,0,18.94,0
18.95,0,18.95,0
18.96,0,18.96,0
18.97,0,18.97,0
18.98,1,18.98,0
18.99,0,18.99,0
19,1,19,1
19.01,0,19.01,0
19.02,0,19.02,0
19.03,0,19.03,0
19.04,0,19.04,0
19.05,0,19.05,0
19.06,0,19.06,0
19.07,0,19.07,0
19.08,0,19.08,1
19.09,0,19.09,1
19.1,0,19.1,0
19.11,0,19.11,0
19.12,0,19.12,0
19.13,0,19.13,0
19.14,0,19.14,1
19.15,0,19.15,0
19.16,0,19.16,0
19.17,1,19.17,0
19.18,0,19.18,1
19.19,1,19.19,0
19.2,1,19.2,1
19.21,0,19.21,1
19.22,0,19.22,0
19.23,0,19.23,1
19.24,0,19.24,0
19.25,0,19.25,0
19.26,0,19.26,0
19.27,1,19.27,0
19.28,0,19.28,0
19.29,0,19.29,0
19.3,0,19.3,0
19.31,1,19.31,0
19.32,0,19.32,1
19.33,1,19.33,0
19.34,0,19.34,0
19.35,0,19.35,1
19.36,0,19.36,0
19.37,1,19.37,0
19.38,1,19.38,0
19.39,0,19.39,0
19.4,0,19.4,0
19.41,0,19.41,0
19.42,0,19.42,0
19.43,0,19.43,0
19.44,0,19.44,1
19.45,0,19.45,1
19.46,0,19.46,0
19.47,1,19.47,0
19.48,1,19.48,0
19.49,1,19.49,0
19.5,0,19.5,1
19.51,0,19.51,0
19.52,0,19.52,0
19.53,1,19.53,0
19.54,0,19.54,0
19.55,1,19.55,0
19.56,0,19.56,0
19.57,1,19.57,0
19.58,1,19.58,0
19.59,0,19.59,1
19.6,0,19.6,1
19.61,0,19.61,1
19.62,0,19.62,0
19.63,0,19.63,0
19.64,0,19.64,0
19.65,0,19.65,1
19.66,0,19.66,0
19.67,1,19.67,2
19.68,0,19.68,0
19.69,0,19.69,0
19.7,0,19.7,0
19.71,0,19.71,0
19.72,0,19.72,2
19.73,0,19.73,0
19.74,0,19.74,0
19.75,1,19.75,2
19.76,0,19.76,0
19.77,0,19.77,0
19.78,2,19.78,0
19.79,0,19.79,0
19.8,0,19.8,0
19.81,0,19.81,0
19.82,1,19.82,0
19.83,1,19.83,1
19.84,1,19.84,0
19.85,0,19.85,0
19.86,0,19.86,1
19.87,0,19.87,0
19.88,0,19.88,0
19.89,1,19.89,1
19.9,1,19.9,0
19.91,1,19.91,0
19.92,0,19.92,0
19.93,1,19.93,0
19.94,1,19.94,1
19.95,0,19.95,0
19.96,0,19.96,0
19.97,0,19.97,0
19.98,0,19.98,0
19.99,0,19.99,0
20,0,20,0
20.01,0,20.01,1
20.02,0,20.02,0
20.03,0,20.03,0
20.04,0,20.04,0
20.05,1,20.05,0
20.06,0,20.06,0
20.07,0,20.07,0
20.08,0,20.08,0
20.09,0,20.09,0
20.1,1,20.1,0
20.11,0,20.11,0
20.12,0,20.12,0
20.13,1,20.13,0
20.14,0,20.14,0
20.15,1,20.15,0
20.16,0,20.16,0
20.17,1,20.17,0
20.18,2,20.18,2
20.19,1,20.19,1
20.2,0,20.2,1
20.21,0,20.21,0
20.22,0,20.22,0
20.23,2,20.23,0
20.24,0,20.24,0
20.25,0,20.25,0
20.26,0,20.26,0
20.27,0,20.27,0
20.28,1,20.28,0
20.29,0,20.29,0
20.3,1,20.3,0
20.31,0,20.31,0
20.32,0,20.32,1
20.33,0,20.33,0
20.34,0,20.34,0
20.35,1,20.35,0
20.36,0,20.36,0
20.37,0,20.37,0
20.38,0,20.38,0
20.39,1,20.39,0
20.4,1,20.4,0
20.41,0,20.41,0
20.42,0,20.42,0
20.43,0,20.43,0
20.44,1,20.44,0
20.45,0,20.45,0
20.46,0,20.46,0
20.47,1,20.47,0
20.48,0,20.48,2
20.49,0,20.49,0
20.5,0,20.5,0
20.51,0,20.51,0
20.52,0,20.52,0
20.53,0,20.53,0
20.54,0,20.54,0
20.55,0,20.55,0
20.56,0,20.56,0
20.57,1,20.57,0
20.58,0,20.58,0
20.59,0,20.59,0
20.6,0,20.6,0
20.61,0,20.61,0
20.62,0,20.62,0
20.63,0,20.63,0
20.64,0,20.64,0
20.65,0,20.65,0
20.66,0,20.66,0
20.67,1,20.67,0
20.68,1,20.68,0
20.69,0,20.69,0
20.7,0,20.7,0
20.71,0,20.71,0
20.72,0,20.72,0
20.73,0,20.73,0
20.74,0,20.74,0
20.75,0,20.75,0
20.76,0,20.76,0
20.77,1,20.77,0
20.78,0,20.78,0
20.79,0,20.79,0
20.8,0,20.8,0
20.81,0,20.81,0
20.82,1,20.82,0
20.83,0,20.83,0
20.84,0,20.84,0
20.85,0,20.85,0
20.86,0,20.86,0
20.87,1,20.87,0
20.88,0,20.88,0
20.89,2,20.89,0
20.9,0,20.9,0
20.91,0,20.91,0
20.92,1,20.92,0
20.93,1,20.93,0
20.94,0,20.94,0
20.95,0,20.95,0
20.96,0,20.96,0
20.97,0,20.97,0
20.98,0,20.98,0
20.99,0,20.99,0
21,1,21,0
21.01,0,21.01,0
21.02,1,21.02,0
21.03,0,21.03,0
21.04,0,21.04,0
21.05,0,21.05,0
21.06,0,21.06,0
21.07,0,21.07,0
21.08,0,21.08,0
21.09,0,21.09,0
21.1,0,21.1,0
21.11,0,21.11,0
21.12,0,21.12,0
21.13,0,21.13,0
21.14,0,21.14,0
21.15,1,21.15,1
21.16,0,21.16,0
21.17,0,21.17,0
21.18,0,21.18,0
21.19,0,21.19,0
21.2,0,21.2,0
21.21,0,21.21,0
21.22,0,21.22,0
21.23,0,21.23,0
21.24,0,21.24,0
21.25,0,21.25,0
21.26,0,21.26,0
21.27,0,21.27,0
21.28,0,21.28,0
21.29,0,21.29,0
21.3,0,21.3,0
21.31,0,21.31,0
21.32,0,21.32,0
21.33,0,21.33,0
21.34,0,21.34,0
21.35,0,21.35,0
21.36,0,21.36,0
21.37,1,21.37,0
21.38,0,21.38,0
21.39,0,21.39,0
21.4,0,21.4,0
21.41,0,21.41,0
21.42,0,21.42,1
21.43,0,21.43,1
21.44,0,21.44,1
21.45,0,21.45,0
21.46,0,21.46,0
21.47,0,21.47,0
21.48,0,21.48,0
21.49,0,21.49,0
21.5,0,21.5,1
21.51,0,21.51,0
21.52,0,21.52,0
21.53,0,21.53,0
21.54,1,21.54,0
21.55,0,21.55,1
21.56,0,21.56,0
21.57,0,21.57,0
21.58,0,21.58,0
21.59,0,21.59,0
21.6,0,21.6,0
21.61,0,21.61,0
21.62,0,21.62,0
21.63,0,21.63,1
21.64,0,21.64,0
21.65,0,21.65,0
21.66,0,21.66,0
21.67,0,21.67,0
21.68,0,21.68,0
21.69,0,21.69,0
21.7,0,21.7,0
21.71,0,21.71,0
21.72,0,21.72,0
21.73,0,21.73,0
21.74,0,21.74,0
21.75,0,21.75,2
21.76,0,21.76,0
21.77,0,21.77,0
21.78,0,21.78,0
21.79,0,21.79,0
21.8,0,21.8,0
21.81,1,21.81,0
21.82,0,21.82,0
21.83,0,21.83,0
21.84,0,21.84,0
21.85,0,21.85,0
21.86,0,21.86,0
21.87,0,21.87,0
21.88,0,21.88,0
21.89,1,21.89,0
21.9,0,21.9,0
21.91,1,21.91,0
21.92,0,21.92,1
21.93,0,21.93,0
21.94,0,21.94,0
21.95,0,21.95,0
21.96,0,21.96,0
21.97,0,21.97,0
21.98,0,21.98,0
21.99,0,21.99,1
22,0,22,1
22.01,1,22.01,0
22.02,1,22.02,0
22.03,0,22.03,0
22.04,0,22.04,0
22.05,0,22.05,0
22.06,0,22.06,0
22.07,0,22.07,0
22.08,1,22.08,0
22.09,0,22.09,0
22.1,0,22.1,0
22.11,0,22.11,0
22.12,1,22.12,0
22.13,2,22.13,0
22.14,0,22.14,0
22.15,2,22.15,0
22.16,0,22.16,1
22.17,0,22.17,0
22.18,2,22.18,0
22.19,1,22.19,1
22.2,0,22.2,0
22.21,0,22.21,2
22.22,1,22.22,0
22.23,0,22.23,0
22.24,0,22.24,0
22.25,0,22.25,0
22.26,0,22.26,0
22.27,0,22.27,0
22.28,0,22.28,2
22.29,0,22.29,1
22.3,0,22.3,0
22.31,0,22.31,0
22.32,0,22.32,1
22.33,0,22.33,0
22.34,1,22.34,0
22.35,0,22.35,0
22.36,0,22.36,2
22.37,1,22.37,0
22.38,1,22.38,0
22.39,0,22.39,0
22.4,0,22.4,0
22.41,0,22.41,0
22.42,0,22.42,0
22.43,0,22.43,0
22.44,1,22.44,0
22.45,0,22.45,0
22.46,0,22.46,0
22.47,0,22.47,0
22.48,0,22.48,0
22.49,0,22.49,0
22.5,0,22.5,0
22.51,1,22.51,0
22.52,1,22.52,0
22.53,1,22.53,1
22.54,0,22.54,0
22.55,0,22.55,0
22.56,1,22.56,0
22.57,0,22.57,0
22.58,0,22.58,1
22.59,0,22.59,0
22.6,1,22.6,0
22.61,0,22.61,0
22.62,0,22.62,1
22.63,0,22.63,0
22.64,0,22.64,0
22.65,0,22.65,0
22.66,0,22.66,0
22.67,0,22.67,0
22.68,0,22.68,0
22.69,1,22.69,0
22.7,0,22.7,0
22.71,0,22.71,0
22.72,0,22.72,0
22.73,2,22.73,1
22.74,0,22.74,0
22.75,0,22.75,0
22.76,0,22.76,0
22.77,0,22.77,0
22.78,0,22.78,0
22.79,0,22.79,0
22.8,0,22.8,1
22.81,1,22.81,0
22.82,0,22.82,0
22.83,0,22.83,0
22.84,0,22.84,0
22.85,0,22.85,0
22.86,0,22.86,0
22.87,0,22.87,0
22.88,0,22.88,1
22.89,0,22.89,0
22.9,0,22.9,0
22.91,0,22.91,0
22.92,1,22.92,0
22.93,1,22.93,0
22.94,0,22.94,0
22.95,0,22.95,0
22.96,0,22.96,0
22.97,0,22.97,0
22.98,0,22.98,0
22.99,0,22.99,0
23,0,23,0
23.01,0,23.01,0
23.02,0,23.02,0
23.03,0,23.03,0
23.04,1,23.04,0
23.05,0,23.05,0
23.06,0,23.06,0
23.07,0,23.07,0
23.08,0,23.08,0
23.09,0,23.09,0
23.1,1,23.1,0
23.11,0,23.11,0
23.12,0,23.12,1
23.13,0,23.13,0
23.14,0,23.14,0
23.15,1,23.15,1
23.16,0,23.16,0
23.17,0,23.17,0
23.18,0,23.18,0
23.19,0,23.19,0
23.2,0,23.2,0
23.21,0,23.21,0
23.22,0,23.22,0
23.23,0,23.23,0
23.24,1,23.24,0
23.25,0,23.25,0
23.26,0,23.26,0
23.27,0,23.27,0
23.28,0,23.28,1
23.29,0,23.29,0
23.3,0,23.3,0
23.31,0,23.31,0
23.32,0,23.32,0
23.33,0,23.33,0
23.34,0,23.34,0
23.35,0,23.35,0
23.36,0,23.36,0
23.37,0,23.37,0
23.38,0,23.38,0
23.39,0,23.39,0
23.4,0,23.4,0
23.41,0,23.41,0
23.42,0,23.42,0
23.43,0,23.43,0
23.44,1,23.44,0
23.45,0,23.45,0
23.46,0,23.46,0
23.47,0,23.47,0
23.48,0,23.48,0
23.49,0,23.49,0
23.5,0,23.5,0
23.51,0,23.51,0
23.52,0,23.52,0
23.53,0,23.53,0
23.54,0,23.54,0
23.55,0,23.55,1
23.56,1,23.56,0
23.57,0,23.57,0
23.58,0,23.58,0
23.59,0,23.59,1
23.6,0,23.6,0
23.61,0,23.61,0
23.62,0,23.62,0
23.63,0,23.63,0
23.64,0,23.64,0
23.65,0,23.65,0
23.66,0,23.66,1
23.67,0,23.67,0
23.68,0,23.68,0
23.69,1,23.69,0
23.7,0,23.7,0
23.71,0,23.71,0
23.72,0,23.72,0
23.73,0,23.73,0
23.74,0,23.74,0
23.75,0,23.75,0
23.76,0,23.76,0
23.77,0,23.77,0
23.78,0,23.78,0
23.79,0,23.79,0
23.8,0,23.8,0
23.81,0,23.81,0
23.82,0,23.82,0
23.83,0,23.83,0
23.84,0,23.84,1
23.85,0,23.85,0
23.86,1,23.86,0
23.87,0,23.87,0
23.88,0,23.88,0
23.89,0,23.89,0
23.9,0,23.9,1
23.91,0,23.91,0
23.92,0,23.92,0
23.93,0,23.93,0
23.94,0,23.94,0
23.95,0,23.95,0
23.96,0,23.96,0
23.97,0,23.97,0
23.98,0,23.98,0
23.99,0,23.99,1
24,0,24,0
24.01,0,24.01,0
24.02,0,24.02,0
24.03,0,24.03,1
24.04,0,24.04,0
24.05,1,24.05,0
24.06,0,24.06,0
24.07,0,24.07,0
24.08,0,24.08,0
24.09,0,24.09,0
24.1,0,24.1,0
24.11,0,24.11,0
24.12,0,24.12,0
24.13,1,24.13,0
24.14,0,24.14,0
24.15,0,24.15,0
24.16,1,24.16,0
24.17,0,24.17,0
24.18,0,24.18,0
24.19,0,24.19,0
24.2,0,24.2,0
24.21,0,24.21,0
24.22,0,24.22,1
24.23,0,24.23,0
24.24,0,24.24,0
24.25,0,24.25,1
24.26,0,24.26,0
24.27,2,24.27,0
24.28,1,24.28,0
24.29,1,24.29,0
24.3,0,24.3,0
24.31,0,24.31,1
24.32,0,24.32,0
24.33,0,24.33,0
24.34,1,24.34,0
24.35,0,24.35,0
24.36,0,24.36,0
24.37,0,24.37,0
24.38,1,24.38,0
24.39,0,24.39,1
24.4,0,24.4,0
24.41,0,24.41,0
24.42,0,24.42,0
24.43,0,24.43,0
24.44,0,24.44,0
24.45,0,24.45,0
24.46,0,24.46,0
24.47,0,24.47,0
24.48,0,24.48,0
24.49,0,24.49,0
24.5,0,24.5,0
24.51,1,24.51,0
24.52,0,24.52,0
24.53,0,24.53,0
24.54,0,24.54,1
24.55,0,24.55,0
24.56,0,24.56,0
24.57,0,24.57,0
24.58,0,24.58,0
24.59,0,24.59,0
24.6,0,24.6,0
24.61,0,24.61,0
24.62,0,24.62,0
24.63,0,24.63,0
24.64,0,24.64,0
24.65,0,24.65,0
24.66,0,24.66,0
24.67,0,24.67,0
24.68,0,24.68,0
24.69,0,24.69,1
24.7,0,24.7,0
24.71,0,24.71,0
24.72,1,24.72,0
24.73,0,24.73,0
24.74,0,24.74,0
24.75,0,24.75,0
24.76,1,24.76,0
24.77,0,24.77,0
24.78,0,24.78,0
24.79,0,24.79,0
24.8,0,24.8,0
24.81,0,24.81,0
24.82,0,24.82,0
24.83,0,24.83,0
24.84,0,24.84,0
24.85,0,24.85,0
24.86,0,24.86,0
24.87,0,24.87,1
24.88,0,24.88,0
24.89,0,24.89,0
24.9,0,24.9,0
24.91,1,24.91,0
24.92,0,24.92,0
24.93,0,24.93,0
24.94,0,24.94,0
24.95,0,24.95,0
24.96,0,24.96,0
24.97,1,24.97,0
24.98,1,24.98,0
24.99,0,24.99,0
25,0,25,0
25.01,0,25.01,0
25.02,1,25.02,0
25.03,0,25.03,0
25.04,0,25.04,1
25.05,1,25.05,1
25.06,0,25.06,0
25.07,0,25.07,0
25.08,0,25.08,0
25.09,0,25.09,0
25.1,0,25.1,1
25.11,0,25.11,0
25.12,1,25.12,0
25.13,0,25.13,0
25.14,0,25.14,1
25.15,0,25.15,0
25.16,1,25.16,0
25.17,0,25.17,0
25.18,0,25.18,1
25.19,0,25.19,0
25.2,0,25.2,0
25.21,1,25.21,1
25.22,0,25.22,0
25.23,0,25.23,0
25.24,0,25.24,0
25.25,0,25.25,0
25.26,0,25.26,1
25.27,0,25.27,0
25.28,0,25.28,0
25.29,0,25.29,0
25.3,0,25.3,0
25.31,1,25.31,1
25.32,0,25.32,0
25.33,0,25.33,0
25.34,0,25.34,0
25.35,0,25.35,0
25.36,0,25.36,0
25.37,0,25.37,0
25.38,0,25.38,0
25.39,0,25.39,0
25.4,1,25.4,0
25.41,0,25.41,0
25.42,0,25.42,0
25.43,0,25.43,0
25.44,0,25.44,0
25.45,0,25.45,0
25.46,0,25.46,0
25.47,0,25.47,0
25.48,0,25.48,0
25.49,0,25.49,0
25.5,0,25.5,0
25.51,0,25.51,0
25.52,0,25.52,0
25.53,0,25.53,0
25.54,0,25.54,0
25.55,0,25.55,0
25.56,0,25.56,0
25.57,0,25.57,0
25.58,0,25.58,0
25.59,0,25.59,1
25.6,0,25.6,0
25.61,0,25.61,0
25.62,0,25.62,0
25.63,0,25.63,0
25.64,0,25.64,0
25.65,1,25.65,0
25.66,0,25.66,1
25.67,0,25.67,0
25.68,0,25.68,0
25.69,0,25.69,0
25.7,0,25.7,0
25.71,0,25.71,0
25.72,0,25.72,0
25.73,0,25.73,0
25.74,0,25.74,0
25.75,0,25.75,0
25.76,0,25.76,0
25.77,0,25.77,0
25.78,0,25.78,0
25.79,0,25.79,0
25.8,0,25.8,0
25.81,0,25.81,0
25.82,0,25.82,0
25.83,0,25.83,0
25.84,0,25.84,0
25.85,0,25.85,1
25.86,0,25.86,0
25.87,0,25.87,0
25.88,0,25.88,0
25.89,1,25.89,0
25.9,0,25.9,0
25.91,0,25.91,0
25.92,0,25.92,0
25.93,0,25.93,1
25.94,0,25.94,1
25.95,0,25.95,1
25.96,0,25.96,0
25.97,0,25.97,0
25.98,0,25.98,0
25.99,0,25.99,0
26,1,26,0
26.01,0,26.01,0
26.02,0,26.02,0
26.03,0,26.03,0
26.04,1,26.04,0
26.05,0,26.05,0
26.06,0,26.06,0
26.07,0,26.07,0
26.08,0,26.08,0
26.09,0,26.09,0
26.1,0,26.1,0
26.11,1,26.11,0
26.12,0,26.12,0
26.13,0,26.13,0
26.14,0,26.14,0
26.15,1,26.15,0
26.16,0,26.16,0
26.17,0,26.17,0
26.18,0,26.18,0
26.19,0,26.19,1
26.2,0,26.2,0
26.21,0,26.21,0
26.22,0,26.22,0
26.23,0,26.23,0
26.24,0,26.24,0
26.25,0,26.25,0
26.26,0,26.26,0
26.27,0,26.27,0
26.28,0,26.28,0
26.29,0,26.29,0
26.3,0,26.3,0
26.31,0,26.31,0
26.32,0,26.32,0
26.33,0,26.33,0
26.34,0,26.34,0
26.35,0,26.35,0
26.36,0,26.36,0
26.37,0,26.37,0
26.38,0,26.38,0
26.39,0,26.39,0
26.4,0,26.4,0
26.41,0,26.41,0
26.42,0,26.42,0
26.43,0,26.43,0
26.44,0,26.44,0
26.45,0,26.45,0
26.46,0,26.46,0
26.47,0,26.47,0
26.48,0,26.48,0
26.49,1,26.49,0
26.5,0,26.5,0
26.51,0,26.51,0
26.52,0,26.52,1
26.53,0,26.53,0
26.54,0,26.54,0
26.55,0,26.55,0
26.56,0,26.56,0
26.57,0,26.57,0
26.58,0,26.58,1
26.59,0,26.59,0
26.6,0,26.6,0
26.61,0,26.61,0
26.62,0,26.62,0
26.63,0,26.63,0
26.64,0,26.64,0
26.65,0,26.65,0
26.66,0,26.66,1
26.67,0,26.67,0
26.68,0,26.68,0
26.69,0,26.69,0
26.7,0,26.7,0
26.71,0,26.71,0
26.72,0,26.72,0
26.73,0,26.73,0
26.74,0,26.74,0
26.75,0,26.75,0
26.76,0,26.76,0
26.77,0,26.77,0
26.78,0,26.78,1
26.79,0,26.79,0
26.8,1,26.8,0
26.81,0,26.81,0
26.82,0,26.82,0
26.83,0,26.83,0
26.84,0,26.84,0
26.85,1,26.85,0
26.86,1,26.86,0
26.87,0,26.87,1
26.88,0,26.88,0
26.89,0,26.89,0
26.9,0,26.9,0
26.91,0,26.91,0
26.92,0,26.92,0
26.93,0,26.93,0
26.94,0,26.94,0
26.95,0,26.95,1
26.96,0,26.96,0
26.97,0,26.97,0
26.98,0,26.98,0
26.99,0,26.99,1
27,0,27,0
27.01,0,27.01,0
27.02,0,27.02,0
27.03,0,27.03,0
27.04,0,27.04,0
27.05,1,27.05,0
27.06,0,27.06,0
27.07,0,27.07,0
27.08,1,27.08,0
27.09,0,27.09,0
27.1,0,27.1,0
27.11,0,27.11,0
27.12,0,27.12,0
27.13,0,27.13,0
27.14,0,27.14,0
27.15,0,27.15,0
27.16,0,27.16,0
27.17,0,27.17,0
27.18,0,27.18,0
27.19,0,27.19,0
27.2,0,27.2,0
27.21,0,27.21,0
27.22,0,27.22,1
27.23,0,27.23,0
27.24,0,27.24,0
27.25,0,27.25,0
27.26,1,27.26,0
27.27,0,27.27,0
27.28,0,27.28,0
27.29,0,27.29,0
27.3,0,27.3,0
27.31,0,27.31,0
27.32,0,27.32,0
27.33,0,27.33,0
27.34,0,27.34,0
27.35,0,27.35,0
27.36,1,27.36,0
27.37,1,27.37,0
27.38,0,27.38,0
27.39,0,27.39,0
27.4,0,27.4,0
27.41,0,27.41,0
27.42,0,27.42,0
27.43,0,27.43,0
27.44,1,27.44,1
27.45,0,27.45,0
27.46,0,27.46,0
27.47,0,27.47,0
27.48,0,27.48,0
27.49,1,27.49,0
27.5,0,27.5,0
27.51,0,27.51,0
27.52,0,27.52,0
27.53,0,27.53,0
27.54,1,27.54,0
27.55,0,27.55,0
27.56,1,27.56,0
27.57,0,27.57,0
27.58,0,27.58,0
27.59,0,27.59,0
27.6,0,27.6,0
27.61,0,27.61,0
27.62,0,27.62,0
27.63,0,27.63,0
27.64,0,27.64,0
27.65,0,27.65,0
27.66,0,27.66,0
27.67,0,27.67,0
27.68,0,27.68,0
27.69,0,27.69,0
27.7,0,27.7,0
27.71,0,27.71,0
27.72,0,27.72,0
27.73,0,27.73,0
27.74,0,27.74,0
27.75,0,27.75,0
27.76,0,27.76,0
27.77,1,27.77,0
27.78,0,27.78,0
27.79,0,27.79,0
27.8,0,27.8,0
27.81,0,27.81,0
27.82,0,27.82,0
27.83,0,27.83,0
27.84,0,27.84,0
27.85,0,27.85,0
27.86,0,27.86,0
27.87,0,27.87,0
27.88,0,27.88,0
27.89,1,27.89,0
27.9,0,27.9,0
27.91,0,27.91,0
27.92,0,27.92,0
27.93,0,27.93,0
27.94,0,27.94,0
27.95,0,27.95,0
27.96,0,27.96,0
27.97,0,27.97,0
27.98,0,27.98,0
27.99,0,27.99,0
28,0,28,0
28.01,0,28.01,0
28.02,0,28.02,0
28.03,0,28.03,0
28.04,0,28.04,0
28.05,0,28.05,0
28.06,0,28.06,0
28.07,0,28.07,0
28.08,0,28.08,0
28.09,0,28.09,0
28.1,0,28.1,0
28.11,0,28.11,0
28.12,0,28.12,0
28.13,0,28.13,0
28.14,0,28.14,0
28.15,0,28.15,0
28.16,0,28.16,0
28.17,0,28.17,0
28.18,1,28.18,0
28.19,0,28.19,0
28.2,0,28.2,0
28.21,1,28.21,0
28.22,0,28.22,0
28.23,0,28.23,0
28.24,0,28.24,0
28.25,0,28.25,0
28.26,0,28.26,0
28.27,1,28.27,0
28.28,0,28.28,0
28.29,1,28.29,0
28.3,0,28.3,0
28.31,0,28.31,0
28.32,0,28.32,0
28.33,0,28.33,0
28.34,0,28.34,0
28.35,0,28.35,0
28.36,0,28.36,0
28.37,0,28.37,0
28.38,0,28.38,0
28.39,0,28.39,0
28.4,1,28.4,1
28.41,0,28.41,0
28.42,0,28.42,0
28.43,0,28.43,0
28.44,0,28.44,0
28.45,0,28.45,0
28.46,0,28.46,0
28.47,0,28.47,0
28.48,0,28.48,0
28.49,0,28.49,0
28.5,0,28.5,0
28.51,0,28.51,0
28.52,0,28.52,0
28.53,1,28.53,0
28.54,0,28.54,1
28.55,0,28.55,0
28.56,0,28.56,0
28.57,0,28.57,0
28.58,0,28.58,0
28.59,1,28.59,0
28.6,1,28.6,0
28.61,0,28.61,0
28.62,0,28.62,0
28.63,0,28.63,0
28.64,0,28.64,0
28.65,1,28.65,0
28.66,1,28.66,0
28.67,0,28.67,0
28.68,0,28.68,0
28.69,0,28.69,0
28.7,0,28.7,0
28.71,0,28.71,0
28.72,0,28.72,0
28.73,0,28.73,0
28.74,0,28.74,0
28.75,0,28.75,0
28.76,0,28.76,0
28.77,0,28.77,0
28.78,0,28.78,0
28.79,0,28.79,0
28.8,0,28.8,0
28.81,0,28.81,0
28.82,0,28.82,0
28.83,0,28.83,0
28.84,0,28.84,0
28.85,0,28.85,0
28.86,0,28.86,0
28.87,0,28.87,0
28.88,0,28.88,1
28.89,0,28.89,0
28.9,0,28.9,0
28.91,0,28.91,1
28.92,1,28.92,0
28.93,0,28.93,0
28.94,0,28.94,0
28.95,0,28.95,0
28.96,0,28.96,0
28.97,0,28.97,0
28.98,0,28.98,0
28.99,0,28.99,0
29,0,29,0
29.01,0,29.01,0
29.02,0,29.02,0
29.03,0,29.03,0
29.04,0,29.04,0
29.05,1,29.05,0
29.06,0,29.06,1
29.07,0,29.07,0
29.08,0,29.08,0
29.09,0,29.09,0
29.1,0,29.1,0
29.11,0,29.11,0
29.12,0,29.12,0
29.13,0,29.13,0
29.14,0,29.14,0
29.15,0,29.15,0
29.16,1,29.16,0
29.17,0,29.17,0
29.18,1,29.18,0
29.19,0,29.19,0
29.2,0,29.2,0
29.21,0,29.21,0
29.22,0,29.22,0
29.23,0,29.23,0
29.24,0,29.24,0
29.25,0,29.25,0
29.26,0,29.26,0
29.27,0,29.27,0
29.28,0,29.28,0
29.29,0,29.29,0
29.3,0,29.3,0
29.31,0,29.31,0
29.32,0,29.32,0
29.33,0,29.33,0
29.34,0,29.34,0
29.35,0,29.35,0
29.36,0,29.36,0
29.37,0,29.37,0
29.38,0,29.38,0
29.39,0,29.39,1
29.4,1,29.4,0
29.41,0,29.41,0
29.42,0,29.42,0
29.43,0,29.43,0
29.44,0,29.44,0
29.45,0,29.45,0
29.46,0,29.46,0
29.47,0,29.47,0
29.48,0,29.48,0
29.49,1,29.49,0
29.5,0,29.5,0
29.51,0,29.51,0
29.52,0,29.52,0
29.53,0,29.53,0
29.54,0,29.54,0
29.55,0,29.55,0
29.56,0,29.56,0
29.57,0,29.57,0
29.58,0,29.58,0
29.59,0,29.59,0
29.6,0,29.6,0
29.61,0,29.61,0
29.62,0,29.62,0
29.63,0,29.63,0
29.64,0,29.64,0
29.65,0,29.65,0
29.66,0,29.66,0
29.67,0,29.67,0
29.68,0,29.68,0
29.69,0,29.69,0
29.7,0,29.7,0
29.71,0,29.71,0
29.72,0,29.72,0
29.73,0,29.73,0
29.74,0,29.74,0
29.75,0,29.75,0
29.76,0,29.76,1
29.77,0,29.77,0
29.78,0,29.78,1
29.79,0,29.79,0
29.8,0,29.8,0
29.81,0,29.81,0
29.82,0,29.82,0
29.83,0,29.83,0
29.84,1,29.84,0
29.85,0,29.85,0
29.86,0,29.86,0
29.87,0,29.87,0
29.88,0,29.88,0
29.89,0,29.89,0
29.9,1,29.9,0
29.91,0,29.91,0
29.92,0,29.92,0
29.93,0,29.93,0
29.94,0,29.94,0
29.95,0,29.95,0
29.96,0,29.96,0
29.97,0,29.97,0
29.98,0,29.98,0
29.99,0,29.99,0
30,0,30,0
30.01,0,30.01,0
30.02,0,30.02,0
30.03,0,30.03,0
30.04,0,30.04,0
30.05,0,30.05,0
30.06,0,30.06,0
30.07,0,30.07,0
30.08,0,30.08,0
30.09,0,30.09,0
30.1,0,30.1,0
30.11,0,30.11,0
30.12,0,30.12,0
30.13,0,30.13,0
30.14,0,30.14,0
30.15,0,30.15,0
30.16,0,30.16,0
30.17,0,30.17,0
30.18,0,30.18,0
30.19,0,30.19,0
30.2,1,30.2,0
30.21,0,30.21,0
30.22,0,30.22,0
30.23,0,30.23,0
30.24,0,30.24,0
30.25,0,30.25,0
30.26,0,30.26,0
30.27,0,30.27,0
30.28,0,30.28,0
30.29,0,30.29,0
30.3,0,30.3,0
30.31,0,30.31,0
30.32,0,30.32,0
30.33,0,30.33,0
30.34,0,30.34,0
30.35,0,30.35,0
30.36,0,30.36,0
30.37,1,30.37,0
30.38,0,30.38,0
30.39,0,30.39,0
30.4,0,30.4,0
30.41,0,30.41,0
30.42,0,30.42,0
30.43,0,30.43,0
30.44,0,30.44,0
30.45,0,30.45,0
30.46,0,30.46,0
30.47,0,30.47,1
30.48,0,30.48,0
30.49,0,30.49,0
30.5,1,30.5,0
30.51,0,30.51,0
30.52,0,30.52,0
30.53,0,30.53,0
30.54,0,30.54,0
30.55,0,30.55,0
30.56,0,30.56,0
30.57,0,30.57,0
30.58,0,30.58,0
30.59,0,30.59,0
30.6,0,30.6,0
30.61,0,30.61,0
30.62,0,30.62,0
30.63,1,30.63,0
30.64,0,30.64,0
30.65,0,30.65,0
30.66,0,30.66,1
30.67,0,30.67,0
30.68,0,30.68,0
30.69,1,30.69,0
30.7,0,30.7,0
30.71,0,30.71,0
30.72,0,30.72,0
30.73,0,30.73,0
30.74,0,30.74,0
30.75,0,30.75,0
30.76,0,30.76,0
30.77,0,30.77,0
30.78,0,30.78,0
30.79,0,30.79,0
30.8,0,30.8,0
30.81,0,30.81,0
30.82,0,30.82,0
30.83,0,30.83,0
30.84,1,30.84,0
30.85,0,30.85,0
30.86,0,30.86,0
30.87,0,30.87,0
30.88,0,30.88,0
30.89,0,30.89,0
30.9,0,30.9,0
30.91,0,30.91,0
30.92,0,30.92,0
30.93,0,30.93,1
30.94,0,30.94,1
30.95,0,30.95,0
30.96,1,30.96,0
30.97,0,30.97,0
30.98,0,30.98,0
30.99,0,30.99,0
31,0,31,0
31.01,0,31.01,0
31.02,0,31.02,0
31.03,0,31.03,0
31.04,0,31.04,0
31.05,0,31.05,0
31.06,0,31.06,0
31.07,0,31.07,0
31.08,0,31.08,0
31.09,0,31.09,0
31.1,0,31.1,0
31.11,0,31.11,0
31.12,0,31.12,0
31.13,0,31.13,1
31.14,0,31.14,0
31.15,0,31.15,0
31.16,0,31.16,0
31.17,0,31.17,0
31.18,1,31.18,0
31.19,0,31.19,0
31.2,0,31.2,0
31.21,0,31.21,0
31.22,0,31.22,0
31.23,0,31.23,0
31.24,0,31.24,0
31.25,0,31.25,0
31.26,0,31.26,0
31.27,0,31.27,0
31.28,0,31.28,0
31.29,0,31.29,0
31.3,0,31.3,0
31.31,0,31.31,0
31.32,0,31.32,0
31.33,0,31.33,0
31.34,0,31.34,0
31.35,0,31.35,0
31.36,0,31.36,0
31.37,0,31.37,0
31.38,0,31.38,0
31.39,0,31.39,0
31.4,0,31.4,0
31.41,0,31.41,0
31.42,0,31.42,0
31.43,0,31.43,0
31.44,0,31.44,0
31.45,0,31.45,0
31.46,0,31.46,0
31.47,0,31.47,0
31.48,0,31.48,0
31.49,0,31.49,1
31.5,0,31.5,0
31.51,0,31.51,0
31.52,0,31.52,0
31.53,0,31.53,0
31.54,0,31.54,0
31.55,0,31.55,0
31.56,0,31.56,0
31.57,0,31.57,0
31.58,0,31.58,0
31.59,0,31.59,0
31.6,0,31.6,1
31.61,0,31.61,0
31.62,0,31.62,0
31.63,0,31.63,0
31.64,0,31.64,0
31.65,0,31.65,0
31.66,0,31.66,0
31.67,0,31.67,0
31.68,0,31.68,0
31.69,0,31.69,0
31.7,0,31.7,1
31.71,0,31.71,0
31.72,0,31.72,0
31.73,0,31.73,0
31.74,0,31.74,0
31.75,0,31.75,0
31.76,0,31.76,0
31.77,0,31.77,0
31.78,0,31.78,0
31.79,0,31.79,0
31.8,0,31.8,0
31.81,0,31.81,0
31.82,0,31.82,0
31.83,0,31.83,0
31.84,0,31.84,0
31.85,0,31.85,0
31.86,0,31.86,0
31.87,0,31.87,0
31.88,0,31.88,0
31.89,0,31.89,0
31.9,0,31.9,0
31.91,0,31.91,0
31.92,0,31.92,0
31.93,0,31.93,1
31.94,0,31.94,0
31.95,0,31.95,0
31.96,0,31.96,0
31.97,0,31.97,0
31.98,0,31.98,0
31.99,0,31.99,0
32,0,32,0
32.01,0,32.01,0
32.02,1,32.02,0
32.03,0,32.03,0
32.04,0,32.04,0
32.05,0,32.05,0
32.06,0,32.06,0
32.07,0,32.07,0
32.08,0,32.08,0
32.09,0,32.09,0
32.1,0,32.1,0
32.11,0,32.11,0
32.12,0,32.12,0
32.13,1,32.13,0
32.14,0,32.14,0
32.15,0,32.15,0
32.16,0,32.16,0
32.17,0,32.17,0
32.18,0,32.18,0
32.19,0,32.19,0
32.2,0,32.2,0
32.21,0,32.21,0
32.22,0,32.22,0
32.23,0,32.23,0
32.24,0,32.24,0
32.25,0,32.25,0
32.26,0,32.26,0
32.27,0,32.27,0
32.28,0,32.28,0
32.29,0,32.29,0
32.3,0,32.3,0
32.31,0,32.31,0
32.32,0,32.32,0
32.33,0,32.33,0
32.34,0,32.34,0
32.35,0,32.35,0
32.36,0,32.36,0
32.37,0,32.37,0
32.38,0,32.38,0
32.39,0,32.39,0
32.4,0,32.4,0
32.41,0,32.41,0
32.42,0,32.42,0
32.43,0,32.43,0
32.44,0,32.44,0
32.45,0,32.45,0
32.46,0,32.46,0
32.47,0,32.47,0
32.48,0,32.48,0
32.49,0,32.49,0
32.5,0,32.5,0
32.51,0,32.51,0
32.52,0,32.52,0
32.53,0,32.53,0
32.54,0,32.54,0
32.55,0,32.55,0
32.56,0,32.56,0
32.57,0,32.57,0
32.58,1,32.58,0
32.59,0,32.59,0
32.6,0,32.6,0
32.61,0,32.61,0
32.62,0,32.62,0
32.63,0,32.63,0
32.64,0,32.64,1
32.65,0,32.65,0
32.66,0,32.66,0
32.67,0,32.67,0
32.68,0,32.68,0
32.69,0,32.69,0
32.7,0,32.7,1
32.71,0,32.71,0
32.72,0,32.72,0
32.73,0,32.73,0
32.74,0,32.74,0
32.75,0,32.75,1
32.76,0,32.76,0
32.77,0,32.77,0
32.78,0,32.78,0
32.79,0,32.79,0
32.8,0,32.8,0
32.81,0,32.81,0
32.82,0,32.82,0
32.83,0,32.83,0
32.84,0,32.84,0
32.85,0,32.85,0
32.86,0,32.86,0
32.87,0,32.87,0
32.88,0,32.88,0
32.89,0,32.89,0
32.9,0,32.9,0
32.91,1,32.91,0
32.92,0,32.92,0
32.93,0,32.93,0
32.94,1,32.94,0
32.95,0,32.95,0
32.96,0,32.96,0
32.97,0,32.97,0
32.98,0,32.98,0
32.99,0,32.99,0
33,0,33,0
33.01,0,33.01,0
33.02,0,33.02,0
33.03,0,33.03,0
33.04,0,33.04,0
33.05,0,33.05,0
33.06,0,33.06,0
33.07,0,33.07,0
33.08,0,33.08,0
33.09,0,33.09,0
33.1,0,33.1,0
33.11,0,33.11,1
33.12,0,33.12,0
33.13,0,33.13,0
33.14,0,33.14,1
33.15,0,33.15,0
33.16,0,33.16,0
33.17,0,33.17,0
33.18,0,33.18,0
33.19,0,33.19,0
33.2,0,33.2,0
33.21,0,33.21,0
33.22,0,33.22,0
33.23,0,33.23,0
33.24,0,33.24,1
33.25,0,33.25,0
33.26,0,33.26,0
33.27,0,33.27,0
33.28,0,33.28,0
33.29,0,33.29,0
33.3,0,33.3,0
33.31,0,33.31,0
33.32,0,33.32,0
33.33,0,33.33,0
33.34,0,33.34,0
33.35,0,33.35,0
33.36,0,33.36,0
33.37,0,33.37,0
33.38,0,33.38,0
33.39,0,33.39,0
33.4,0,33.4,0
33.41,0,33.41,0
33.42,0,33.42,0
33.43,0,33.43,0
33.44,0,33.44,0
33.45,0,33.45,0
33.46,1,33.46,0
33.47,1,33.47,0
33.48,0,33.48,0
33.49,0,33.49,0
33.5,0,33.5,0
33.51,0,33.51,0
33.52,0,33.52,0
33.53,0,33.53,0
33.54,0,33.54,0
33.55,0,33.55,0
33.56,0,33.56,0
33.57,0,33.57,0
33.58,0,33.58,0
33.59,0,33.59,0
33.6,0,33.6,0
33.61,1,33.61,0
33.62,0,33.62,0
33.63,0,33.63,0
33.64,0,33.64,0
33.65,0,33.65,0
33.66,0,33.66,0
33.67,0,33.67,0
33.68,0,33.68,0
33.69,1,33.69,0
33.7,0,33.7,0
33.71,0,33.71,0
33.72,0,33.72,0
33.73,0,33.73,0
33.74,0,33.74,0
33.75,0,33.75,0
33.76,0,33.76,0
33.77,0,33.77,0
33.78,0,33.78,0
33.79,0,33.79,0
33.8,0,33.8,0
33.81,0,33.81,0
33.82,0,33.82,0
33.83,0,33.83,0
33.84,0,33.84,0
33.85,0,33.85,0
33.86,0,33.86,0
33.87,0,33.87,0
33.88,0,33.88,0
33.89,0,33.89,0
33.9,0,33.9,0
33.91,0,33.91,0
33.92,0,33.92,0
33.93,0,33.93,0
33.94,0,33.94,0
33.95,0,33.95,0
33.96,0,33.96,0
33.97,0,33.97,0
33.98,0,33.98,0
33.99,0,33.99,1
34,0,34,0
34.01,0,34.01,0
34.02,0,34.02,0
34.03,0,34.03,0
34.04,0,34.04,0
34.05,0,34.05,0
34.06,0,34.06,0
34.07,0,34.07,0
34.08,0,34.08,0
34.09,0,34.09,0
34.1,0,34.1,0
34.11,0,34.11,0
34.12,0,34.12,0
34.13,0,34.13,0
34.14,0,34.14,0
34.15,1,34.15,0
34.16,0,34.16,0
34.17,0,34.17,0
34.18,0,34.18,0
34.19,0,34.19,0
34.2,0,34.2,0
34.21,0,34.21,0
34.22,0,34.22,0
34.23,0,34.23,0
34.24,0,34.24,0
34.25,0,34.25,0
34.26,0,34.26,0
34.27,0,34.27,0
34.28,0,34.28,0
34.29,0,34.29,0
34.3,0,34.3,0
34.31,0,34.31,0
34.32,0,34.32,0
34.33,0,34.33,0
34.34,0,34.34,0
34.35,0,34.35,0
34.36,0,34.36,0
34.37,0,34.37,0
34.38,0,34.38,0
34.39,0,34.39,0
34.4,0,34.4,0
34.41,0,34.41,0
34.42,0,34.42,0
34.43,0,34.43,0
34.44,0,34.44,0
34.45,0,34.45,0
34.46,0,34.46,0
34.47,0,34.47,0
34.48,0,34.48,1
34.49,0,34.49,0
34.5,0,34.5,0
34.51,0,34.51,0
34.52,0,34.52,0
34.53,0,34.53,0
34.54,0,34.54,0
34.55,0,34.55,0
34.56,0,34.56,0
34.57,0,34.57,0
34.58,0,34.58,0
34.59,0,34.59,0
34.6,0,34.6,0
34.61,0,34.61,1
34.62,0,34.62,0
34.63,0,34.63,0
34.64,0,34.64,0
34.65,0,34.65,0
34.66,0,34.66,0
34.67,0,34.67,1
34.68,0,34.68,0
34.69,0,34.69,0
34.7,0,34.7,0
34.71,0,34.71,0
34.72,0,34.72,0
34.73,0,34.73,0
34.74,0,34.74,0
34.75,0,34.75,0
34.76,0,34.76,0
34.77,0,34.77,0
34.78,0,34.78,0
34.79,0,34.79,0
34.8,0,34.8,0
34.81,0,34.81,0
34.82,0,34.82,0
34.83,0,34.83,0
34.84,0,34.84,0
34.85,0,34.85,1
34.86,0,34.86,0
34.87,0,34.87,0
34.88,0,34.88,0
34.89,0,34.89,0
34.9,0,34.9,0
34.91,0,34.91,0
34.92,0,34.92,0
34.93,0,34.93,0
34.94,0,34.94,0
34.95,1,34.95,0
34.96,0,34.96,0
34.97,0,34.97,0
34.98,0,34.98,0
34.99,0,34.99,1
35,0,35,0
35.01,0,35.01,0
35.02,0,35.02,0
35.03,0,35.03,0
35.04,0,35.04,0
35.05,0,35.05,0
35.06,0,35.06,0
35.07,0,35.07,0
35.08,0,35.08,0
35.09,0,35.09,0
35.1,0,35.1,0
35.11,0,35.11,0
35.12,0,35.12,0
35.13,0,35.13,0
35.14,0,35.14,0
35.15,0,35.15,0
35.16,0,35.16,0
35.17,0,35.17,0
35.18,0,35.18,0
35.19,0,35.19,0
35.2,0,35.2,0
35.21,0,35.21,0
35.22,0,35.22,0
35.23,0,35.23,0
35.24,0,35.24,0
35.25,0,35.25,0
35.26,0,35.26,0
35.27,0,35.27,0
35.28,0,35.28,0
35.29,0,35.29,0
35.3,0,35.3,0
35.31,0,35.31,0
35.32,0,35.32,0
35.33,0,35.33,0
35.34,0,35.34,0
35.35,0,35.35,0
35.36,0,35.36,0
35.37,0,35.37,0
35.38,0,35.38,0
35.39,0,35.39,0
35.4,0,35.4,0
35.41,0,35.41,0
35.42,0,35.42,0
35.43,0,35.43,0
35.44,0,35.44,0
35.45,0,35.45,0
35.46,0,35.46,0
35.47,0,35.47,0
35.48,0,35.48,0
35.49,0,35.49,0
35.5,0,35.5,0
35.51,0,35.51,0
35.52,0,35.52,1
35.53,0,35.53,0
35.54,0,35.54,0
35.55,0,35.55,0
35.56,0,35.56,0
35.57,0,35.57,0
35.58,0,35.58,0
35.59,0,35.59,0
35.6,0,35.6,1
35.61,0,35.61,0
35.62,0,35.62,0
35.63,0,35.63,0
35.64,0,35.64,0
35.65,0,35.65,0
35.66,0,35.66,0
35.67,0,35.67,0
35.68,0,35.68,0
35.69,0,35.69,0
35.7,0,35.7,0
35.71,0,35.71,1
35.72,0,35.72,0
35.73,0,35.73,0
35.74,0,35.74,0
35.75,0,35.75,0
35.76,0,35.76,0
35.77,0,35.77,0
35.78,0,35.78,0
35.79,0,35.79,0
35.8,0,35.8,0
35.81,0,35.81,0
35.82,0,35.82,0
35.83,0,35.83,0
35.84,0,35.84,0
35.85,0,35.85,0
35.86,0,35.86,0
35.87,0,35.87,0
35.88,0,35.88,0
35.89,0,35.89,0
35.9,0,35.9,0
35.91,0,35.91,0
35.92,0,35.92,0
35.93,0,35.93,0
35.94,0,35.94,0
35.95,0,35.95,0
35.96,0,35.96,0
35.97,0,35.97,0
35.98,0,35.98,0
35.99,0,35.99,0
36,0,36,0
36.01,0,36.01,0
36.02,0,36.02,0
36.03,0,36.03,0
36.04,0,36.04,0
36.05,0,36.05,0
36.06,0,36.06,0
36.07,0,36.07,0
36.08,0,36.08,0
36.09,0,36.09,0
36.1,0,36.1,0
36.11,0,36.11,0
36.12,0,36.12,0
36.13,0,36.13,0
36.14,0,36.14,0
36.15,0,36.15,1
36.16,1,36.16,0
36.17,0,36.17,0
36.18,0,36.18,0
36.19,0,36.19,0
36.2,0,36.2,0
36.21,0,36.21,0
36.22,0,36.22,0
36.23,0,36.23,0
36.24,0,36.24,0
36.25,0,36.25,0
36.26,0,36.26,0
36.27,0,36.27,0
36.28,0,36.28,0
36.29,0,36.29,0
36.3,0,36.3,0
36.31,0,36.31,0
36.32,0,36.32,0
36.33,0,36.33,0
36.34,0,36.34,0
36.35,0,36.35,0
36.36,0,36.36,0
36.37,0,36.37,0
36.38,0,36.38,0
36.39,0,36.39,0
36.4,0,36.4,0
36.41,0,36.41,0
36.42,0,36.42,0
36.43,0,36.43,1
36.44,0,36.44,0
36.45,0,36.45,0
36.46,0,36.46,0
36.47,0,36.47,0
36.48,0,36.48,0
36.49,0,36.49,0
36.5,0,36.5,0
36.51,0,36.51,0
36.52,0,36.52,0
36.53,0,36.53,0
36.54,0,36.54,0
36.55,0,36.55,0
36.56,0,36.56,0
36.57,0,36.57,0
36.58,0,36.58,0
36.59,0,36.59,0
36.6,0,36.6,0
36.61,0,36.61,0
36.62,0,36.62,0
36.63,0,36.63,0
36.64,0,36.64,0
36.65,0,36.65,0
36.66,0,36.66,0
36.67,0,36.67,0
36.68,0,36.68,0
36.69,1,36.69,0
36.7,0,36.7,0
36.71,0,36.71,0
36.72,0,36.72,0
36.73,0,36.73,0
36.74,0,36.74,0
36.75,0,36.75,0
36.76,0,36.76,0
36.77,0,36.77,0
36.78,0,36.78,0
36.79,0,36.79,0
36.8,0,36.8,0
36.81,0,36.81,0
36.82,0,36.82,0
36.83,0,36.83,0
36.84,0,36.84,0
36.85,0,36.85,0
36.86,0,36.86,0
36.87,0,36.87,0
36.88,0,36.88,0
36.89,0,36.89,0
36.9,0,36.9,0
36.91,0,36.91,0
36.92,0,36.92,0
36.93,0,36.93,0
36.94,0,36.94,0
36.95,0,36.95,0
36.96,0,36.96,0
36.97,0,36.97,1
36.98,0,36.98,0
36.99,0,36.99,0
37,0,37,0
37.01,1,37.01,0
37.02,0,37.02,0
37.03,0,37.03,0
37.04,0,37.04,0
37.05,0,37.05,0
37.06,0,37.06,0
37.07,0,37.07,0
37.08,0,37.08,0
37.09,0,37.09,0
37.1,0,37.1,0
37.11,0,37.11,0
37.12,0,37.12,0
37.13,0,37.13,0
37.14,0,37.14,1
37.15,0,37.15,0
37.16,0,37.16,0
37.17,0,37.17,0
37.18,0,37.18,0
37.19,0,37.19,0
37.2,0,37.2,0
37.21,0,37.21,0
37.22,0,37.22,0
37.23,1,37.23,0
37.24,0,37.24,0
37.25,0,37.25,0
37.26,0,37.26,0
37.27,0,37.27,0
37.28,0,37.28,0
37.29,0,37.29,0
37.3,0,37.3,0
37.31,0,37.31,0
37.32,0,37.32,0
37.33,0,37.33,0
37.34,0,37.34,0
37.35,0,37.35,0
37.36,0,37.36,0
37.37,0,37.37,0
37.38,0,37.38,0
37.39,0,37.39,0
37.4,0,37.4,1
37.41,0,37.41,0
37.42,0,37.42,0
37.43,0,37.43,0
37.44,0,37.44,0
37.45,0,37.45,0
37.46,0,37.46,0
37.47,0,37.47,0
37.48,0,37.48,0
37.49,0,37.49,0
37.5,0,37.5,0
37.51,0,37.51,0
37.52,0,37.52,0
37.53,0,37.53,0
37.54,0,37.54,0
37.55,0,37.55,0
37.56,0,37.56,0
37.57,0,37.57,0
37.58,0,37.58,0
37.59,0,37.59,0
37.6,0,37.6,0
37.61,0,37.61,0
37.62,0,37.62,0
37.63,0,37.63,0
37.64,0,37.64,0
37.65,0,37.65,0
37.66,0,37.66,0
37.67,0,37.67,0
37.68,1,37.68,0
37.69,0,37.69,0
37.7,0,37.7,0
37.71,0,37.71,0
37.72,0,37.72,0
37.73,0,37.73,0
37.74,0,37.74,0
37.75,0,37.75,0
37.76,0,37.76,0
37.77,0,37.77,0
37.78,0,37.78,0
37.79,0,37.79,0
37.8,0,37.8,0
37.81,0,37.81,0
37.82,0,37.82,0
37.83,0,37.83,0
37.84,0,37.84,0
37.85,0,37.85,0
37.86,0,37.86,0
37.87,0,37.87,0
37.88,0,37.88,0
37.89,0,37.89,0
37.9,0,37.9,0
37.91,0,37.91,0
37.92,0,37.92,0
37.93,0,37.93,0
37.94,0,37.94,0
37.95,0,37.95,0
37.96,0,37.96,0
37.97,0,37.97,0
37.98,0,37.98,0
37.99,0,37.99,0
38,0,38,0
38.01,0,38.01,0
38.02,0,38.02,0
38.03,0,38.03,0
38.04,0,38.04,0
38.05,0,38.05,0
38.06,0,38.06,0
38.07,0,38.07,0
38.08,0,38.08,0
38.09,0,38.09,0
38.1,0,38.1,0
38.11,0,38.11,0
38.12,0,38.12,0
38.13,0,38.13,0
38.14,0,38.14,0
38.15,0,38.15,0
38.16,0,38.16,0
38.17,0,38.17,0
38.18,0,38.18,0
38.19,0,38.19,0
38.2,0,38.2,0
38.21,0,38.21,0
38.22,0,38.22,0
38.23,0,38.23,0
38.24,1,38.24,0
38.25,0,38.25,0
38.26,0,38.26,0
38.27,0,38.27,0
38.28,0,38.28,0
38.29,0,38.29,0
38.3,0,38.3,0
38.31,0,38.31,0
38.32,0,38.32,0
38.33,0,38.33,0
38.34,0,38.34,0
38.35,0,38.35,0
38.36,0,38.36,0
38.37,0,38.37,0
38.38,0,38.38,0
38.39,0,38.39,0
38.4,0,38.4,0
38.41,0,38.41,0
38.42,0,38.42,0
38.43,0,38.43,0
38.44,0,38.44,0
38.45,0,38.45,0
38.46,0,38.46,0
38.47,0,38.47,0
38.48,0,38.48,0
38.49,1,38.49,0
38.5,0,38.5,0
38.51,0,38.51,0
38.52,0,38.52,0
38.53,0,38.53,0
38.54,0,38.54,0
38.55,0,38.55,0
38.56,0,38.56,0
38.57,0,38.57,0
38.58,0,38.58,0
38.59,0,38.59,0
38.6,0,38.6,0
38.61,0,38.61,0
38.62,0,38.62,0
38.63,0,38.63,0
38.64,0,38.64,0
38.65,0,38.65,0
38.66,0,38.66,0
38.67,0,38.67,0
38.68,0,38.68,0
38.69,0,38.69,0
38.7,0,38.7,0
38.71,0,38.71,0
38.72,0,38.72,0
38.73,0,38.73,0
38.74,0,38.74,0
38.75,0,38.75,0
38.76,0,38.76,0
38.77,1,38.77,0
38.78,0,38.78,0
38.79,0,38.79,0
38.8,0,38.8,0
38.81,0,38.81,0
38.82,0,38.82,0
38.83,0,38.83,0
38.84,0,38.84,0
38.85,0,38.85,0
38.86,0,38.86,0
38.87,0,38.87,0
38.88,0,38.88,0
38.89,0,38.89,0
38.9,0,38.9,0
38.91,0,38.91,0
38.92,0,38.92,0
38.93,0,38.93,0
38.94,0,38.94,0
38.95,0,38.95,0
38.96,0,38.96,0
38.97,0,38.97,0
38.98,0,38.98,0
38.99,0,38.99,0
39,0,39,0
39.01,0,39.01,0
39.02,0,39.02,0
39.03,0,39.03,0
39.04,0,39.04,0
39.05,0,39.05,0
39.06,0,39.06,0
39.07,0,39.07,0
39.08,0,39.08,0
39.09,0,39.09,0
39.1,0,39.1,0
39.11,0,39.11,0
39.12,0,39.12,0
39.13,0,39.13,0
39.14,0,39.14,0
39.15,0,39.15,0
39.16,0,39.16,0
39.17,0,39.17,0
39.18,0,39.18,0
39.19,0,39.19,0
39.2,0,39.2,0
39.21,0,39.21,0
39.22,0,39.22,0
39.23,0,39.23,0
39.24,0,39.24,0
39.25,0,39.25,0
39.26,0,39.26,0
39.27,0,39.27,0
39.28,0,39.28,0
39.29,0,39.29,0
39.3,0,39.3,0
39.31,0,39.31,0
39.32,0,39.32,0
39.33,0,39.33,0
39.34,0,39.34,0
39.35,1,39.35,0
39.36,0,39.36,0
39.37,0,39.37,0
39.38,0,39.38,0
39.39,0,39.39,0
39.4,0,39.4,0
39.41,0,39.41,0
39.42,0,39.42,0
39.43,0,39.43,0
39.44,0,39.44,0
39.45,0,39.45,0
39.46,0,39.46,0
39.47,0,39.47,0
39.48,0,39.48,0
39.49,0,39.49,0
39.5,0,39.5,0
39.51,0,39.51,0
39.52,0,39.52,0
39.53,0,39.53,0
39.54,0,39.54,0
39.55,0,39.55,0
39.56,0,39.56,0
39.57,0,39.57,0
39.58,0,39.58,0
39.59,0,39.59,0
39.6,0,39.6,0
39.61,0,39.61,0
39.62,0,39.62,0
39.63,0,39.63,0
39.64,0,39.64,0
39.65,0,39.65,0
39.66,0,39.66,0
39.67,0,39.67,0
39.68,0,39.68,0
39.69,0,39.69,0
39.7,0,39.7,0
39.71,0,39.71,0
39.72,1,39.72,0
39.73,0,39.73,0
39.74,0,39.74,0
39.75,0,39.75,0
39.76,0,39.76,0
39.77,0,39.77,0
39.78,0,39.78,0
39.79,0,39.79,0
39.8,0,39.8,0
39.81,0,39.81,0
39.82,0,39.82,0
39.83,0,39.83,0
39.84,0,39.84,0
39.85,0,39.85,0
39.86,0,39.86,0
39.87,0,39.87,0
39.88,0,39.88,0
39.89,0,39.89,0
39.9,0,39.9,0
39.91,0,39.91,0
39.92,0,39.92,0
39.93,0,39.93,0
39.94,0,39.94,0
39.95,0,39.95,0
39.96,0,39.96,0
39.97,0,39.97,0
39.98,0,39.98,0
39.99,0,39.99,0
40,0,40,0
40.01,0,40.01,0
40.02,0,40.02,0
40.03,0,40.03,0
40.04,0,40.04,0
40.05,0,40.05,0
40.06,0,40.06,0
40.07,0,40.07,0
40.08,0,40.08,0
40.09,0,40.09,0
40.1,0,40.1,0
40.11,0,40.11,0
40.12,0,40.12,0
40.13,0,40.13,0
40.14,0,40.14,0
40.15,0,40.15,0
40.16,0,40.16,0
40.17,0,40.17,0
40.18,0,40.18,0
40.19,0,40.19,0
40.2,0,40.2,0
40.21,0,40.21,0
40.22,0,40.22,0
40.23,0,40.23,0
40.24,0,40.24,0
40.25,0,40.25,0
40.26,0,40.26,0
40.27,0,40.27,0
40.28,0,40.28,0
40.29,0,40.29,0
40.3,0,40.3,0
40.31,0,40.31,0
40.32,0,40.32,0
40.33,0,40.33,0
40.34,0,40.34,0
40.35,0,40.35,0
40.36,0,40.36,0
40.37,0,40.37,0
40.38,0,40.38,0
40.39,0,40.39,0
40.4,0,40.4,0
40.41,0,40.41,0
40.42,0,40.42,0
40.43,0,40.43,0
40.44,0,40.44,0
40.45,0,40.45,0
40.46,0,40.46,0
40.47,0,40.47,0
40.48,0,40.48,0
40.49,0,40.49,0
40.5,0,40.5,0
40.51,0,40.51,0
40.52,0,40.52,0
40.53,0,40.53,0
40.54,0,40.54,0
40.55,0,40.55,0
40.56,0,40.56,0
40.57,0,40.57,0
40.58,0,40.58,0
40.59,0,40.59,0
40.6,0,40.6,0
40.61,0,40.61,0
40.62,0,40.62,0
40.63,0,40.63,0
40.64,0,40.64,0
40.65,0,40.65,0
40.66,0,40.66,0
40.67,0,40.67,0
40.68,0,40.68,0
40.69,0,40.69,0
40.7,0,40.7,0
40.71,0,40.71,0
40.72,0,40.72,0
40.73,0,40.73,0
40.74,0,40.74,0
40.75,0,40.75,0
40.76,0,40.76,0
40.77,0,40.77,0
40.78,0,40.78,0
40.79,0,40.79,0
40.8,0,40.8,0
40.81,0,40.81,0
40.82,0,40.82,0
40.83,0,40.83,0
40.84,0,40.84,0
40.85,0,40.85,0
40.86,0,40.86,0
40.87,0,40.87,0
40.88,0,40.88,0
40.89,0,40.89,0
40.9,0,40.9,0
40.91,0,40.91,0
40.92,0,40.92,0
40.93,0,40.93,0
40.94,0,40.94,0
40.95,0,40.95,0